Carex_aquatilis||NUN|spm00005450|Phacocystis
Carex_aquatilis||NUN|spm00005452|Phacocystis
Carex_aquatilis||NUN|spm00005448|Phacocystis
Carex_aquatilis||NUN|spm00005449|Phacocystis
Carex_aquatilis_var._aquatilis|B884|NFL|spm00001485|Phacocystis
Carex_sect.Phacocystis|B1539||spm00002145|Phacocystis
Carex_aquatilis||QUE|spm00005232|Phacocystis
Carex_aquatilis||FIN|spm00003073|Phacocystis
Carex_vacillans|B1282|MAI|spm00001889|Phacocystis
Carex_azuayae||VEN|spm00000593|Phacocystis
Carex_enneastachya||ECU|spm00000600|Phacocystis
Carex_kelloggii_var._impressa|B398|CAL|spm00001016|Phacocystis
Carex_andersonii||AGS|spm00000522|Phacocystis
Carex_decidua||CLS|spm00000570|Phacocystis
Carex_senta|B1278|ARI|spm00001885|Phacocystis
Carex_schottii|B1074|CAL|spm00001681|Phacocystis
Carex_bigelowii||NUN|spm00005467|Phacocystis
Carex_bigelowii||NUN|spm00005465|Phacocystis
Carex_bigelowii|||spm00003230|Phacocystis
Carex_bigelowii||NWH|spm00005461|Phacocystis
Carex_bigelowii||NUN|spm00005466|Phacocystis
Carex_bigelowii||NWT|spm00005469|Phacocystis
Carex_bigelowii||NUN|spm00005464|Phacocystis
Carex_randalpina||AUT|spm00003098|Phacocystis
Carex_darwinii||CLS|spm00000571|Phacocystis
Carex_micrantha||KOR|spm00000017|Phacocystis
Carex_micrantha|E0333|KOR?|spm00000339|Phacocystis
Carex_humbertiana||KOR|spm00000006|Phacocystis
Carex_humbertiana|D1093|KOR?|spm00000334|Phacocystis
Carex_drukyulensis||EHM|spm00003011|Phacocystis
Carex_nigra|B894|NFL|spm00001495|Phacocystis
Carex_elata_subsp._omskiana||Estonia|spm00003154|Phacocystis
Carex_cespitosa||SPA|spm00003246|Phacocystis
Carex_nigra_subsp._transcaucasica||TCS|spm00003281|Phacocystis
Carex_cespitosa|||spm00003210|Phacocystis
Carex_kurdica||IRN|spm00003158|Phacocystis
Carex_nigra|20E8NPJM|SPA|spm00003775|Phacocystis
Carex_trinervis|42E10NPJM|SPA|spm00003778|Phacocystis
Carex_kurdica||GRC|spm00003147|Phacocystis
Carex_nigra||SPA|spm00003108|Phacocystis
Carex_nigra_subsp._transcaucasica||IRN|spm00003280|Phacocystis
Carex_panormitana|22E2SMB13|SAR|spm00003779|Phacocystis
Carex_dacica||ICE|spm00003155|Phacocystis
Carex_buekii||CZE|spm00000558|Phacocystis
Carex_crinita_var._crinita|B183|MAI|spm00000801|Phacocystis
Carex_paysonis||WYO|spm00006159|Scitae
Carex_paysonis||ORE|spm00004437|Scitae
Carex_microchaeta_ssp_|||FASTA.LABEL.NO.SPECIMEN.MATCH|Scitae
Carex_mertensii||WAS|spm00005236|Racemosae
Carex_barrattii|B130|ALA|spm00000748|Limosae
Carex_typhina|B725|LOU|spm00001330|Squarrosae
Carex_shortiana|B622|KTY|spm00001229|Shortianae
Carex_shortiana||KTY|spm00005445|Shortianae
Carex_joorii|B367|FLA|spm00000985|Glaucescentes
Carex_glaucescens|B308|MSI|spm00000926|Glaucescentes
Carex_verrucosa|B768|FLA|spm00001373|Glaucescentes
Carex_brasiliensis||BZS|spm00000366|Glaucescentes
Carex_barbarae|B846|CAL|spm00001449|Phacocystis
Carex_magellanica_ssp_irrigua|Carex_MOR_898A||FASTA.LABEL.NO.SPECIMEN.MATCH|Limosae
Carex_magellanica_ssp_irrigua|Carex_MOR_898B||FASTA.LABEL.NO.SPECIMEN.MATCH|Limosae
Carex_magellanica||FIN|spm00003017|Limosae
Carex_magellanica_subsp._irrigua||FRA|spm00000591|Limosae
Carex_magellanica_subsp._irrigua|B558|MAN|spm00001164|Limosae
Carex_magellanica|||spm00003206|Limosae
Carex_rariflora||NUN|spm00005520|Limosae
Carex_rariflora||NUN|spm00005521|Limosae
Carex_rariflora||NUN|spm00005519|Limosae
Carex_endlichii|B1489|ARI|spm00002095|Phacocystis
Carex_ehrenbergiana||MXC|spm00000298|Fecundae
Carex_tuberculata||MXC|spm00000300|Fecundae
Carex_sect.Fecundae___sp._nov._aff._tuberculata||MXS|spm00000299|Fecundae
Carex_chordalis||MXC|spm00000251|Fecundae
Carex_sect.Fecundae___Chiapas||MXT|spm00000266|Fecundae
Carex_jamesonii||VEN|spm00000517|Fecundae
Carex_breedlovei||MXT|spm00000249|Fecundae
Carex_fecunda|STA_814|BOL|spm00005222|Fecundae
Carex_prasina|B560|GEO|spm00001166|Hymenochlaenae
Carex_haydenii|haydenii_501|WIS|spm00002433|Phacocystis
Carex_boliviensis||MXC|spm00000255|Porocystis
Carex_boliviensis_subsp._occidentalis||MXE|spm00000250|Porocystis
Carex_angustispica||MXS|spm00000262|Porocystis
Carex_swanii|B699|ARK|spm00001304|Porocystis
Carex_complanata|B164|TEX|spm00000782|Porocystis
Carex_misera|B1157|TEN|spm00001764|Hymenochlaenae
Carex_roanensis|B617|NCA|spm00001224|Hymenochlaenae
Carex_virescens|B751|ALA|spm00001356|Porocystis
Carex_arctata|B113|WIS|spm00000731|Hymenochlaenae
Carex_venusta|B767|MSI|spm00001372|Hymenochlaenae
Carex_oxylepis|B531|KTY|spm00001137|Hymenochlaenae
Carex_davisii|B240|DEL|spm00000858|Hymenochlaenae
Carex_gracillima|gracillima_505|WIS|spm00002423|Hymenochlaenae
Carex_tenax|B703|LOU|spm00001308|Hallerianae
Carex_tenax|||spm00005224|Hallerianae
Carex_dasycarpa|B255|GEO|spm00000873|Hallerianae
Carex_hirtifolia|hirtifolia_3204|ILL|spm00002435|Hirtifoliae
Carex_pinophila||MXE|spm00000284|Hymenochlaenae
Carex_whitneyi|B747|CAL|spm00001352|Longicaules
Carex_longicaulis||MXG|spm00000274|Longicaules
Carex_crinalis||ECU|spm00000602|Longicaules
Carex_anisostachys||MXG|spm00000261|Longicaules
Carex_anisostachys||MXT|spm00000258|Longicaules
Carex_anisostachys||MXS|spm00000260|Longicaules
Carex_anisostachys||MXE|spm00000259|Longicaules
Carex_coulteri||MXC|spm00000268|Longicaules
Carex_austromexicana||MXS|spm00000358|Hymenochlaenae
Carex_chiapensis||MXS|spm00000267|Hymenochlaenae
Carex_caligena||MXE|spm00000264|Unplaced_coreCarex
Carex_queretarensis||MXE|spm00000294|Hymenochlaenae
Carex_polymorpha|B1300|MAI|spm00001907|Paniceae
Carex_californica|B1078|CAL|spm00001685|Paniceae
Carex_pallescens|B1401|BRC|spm00002008|Porocystis
Carex_acutiformis|B1516|TVL|spm00002122|Paludosae
Carex_acutiformis||NAT|spm00000165|Paludosae
Carex_acutiformis||CPP|spm00000164|Paludosae
Carex_pseudochinensis|E0479|KOR?|spm00000346|Anomalae
Carex_obliquicarpa||CHS|spm00000089|Confertiflorae
Carex_amplifolia|B097|NEV|spm00000715|Anomalae
Carex_vestita|B758|DEL|spm00001363|Paludosae
Carex_globularis||YAK|spm00004387|Acrocystis
Carex_congdonii|B1079|CAL|spm00001686|Paludosae
Carex_sartwelliana|B1191|CAL|spm00001798|Paludosae
Carex_scirpoidea_var._scirpoidea|B641|ARK|spm00001248|Scirpinae
Carex_scirpoidea||NUN|spm00005533|Scirpinae
Carex_scirpoidea||NUN|spm00005535|Scirpinae
Carex_scirpoidea||NWT|spm00005534|Scirpinae
Carex_scirpoidea||NUN|spm00005532|Scirpinae
Carex_scirpoidea||NUN|spm00005530|Scirpinae
Carex_scirpoidea|STA_180|ABT|spm00005182|Scirpinae
Carex_scirpoidea|STA_180|ABT|spm00005153|Scirpinae
Carex_scabriuscula|||spm00005181|Scirpinae
Carex_glabrescens|D0449|KOR?|spm00000332|Carex
Carex_glabrescens||KOR|spm00000019|Carex
Carex_trichocarpa|B726|DEL|spm00001331|Carex
Carex_sheldonii|B1086|CAL|spm00001693|Carex
Carex_eriophylla||CHM|spm00003460|Carex
Carex_glabrescens||KOR|spm00000014|Carex
Carex_gotoi||KOR|spm00000020|Paludosae
Carex_hirta|B329|PEN|spm00000947|Carex
Carex_aureolensis||MXE|spm00000362|Squarrosae
Carex_aureolensis|B152|MSI|spm00000770|Squarrosae
Carex_elliottii|B1309|FLA|spm00001916|Vesicariae
Carex_lasiocarpa||SPA|spm00000576|Paludosae
Carex_aematorrhyncha||CLS|spm00000532|Paludosae
Carex_striata|B668|FLA|spm00001274|Paludosae
Carex_melanostachya|B947b||spm00001550|Paludosae
Carex_rugulosa||KOR|spm00000001|Paludosae
Carex_rugulosa|E0485|KOR?|spm00000348|Paludosae
Carex_hyalinolepis|B338|TEX|spm00000956|Paludosae
Carex_halliana|B1082|CAL|spm00001689|Paludosae
Carex_membranacea||NUN|spm00005507|Vesicariae
Carex_membranacea||NUN|spm00005506|Vesicariae
Carex_membranacea||NUN|spm00005505|Vesicariae
Carex_membranacea||NUN|spm00005509|Vesicariae
Carex_membranacea||NWT|spm00005503|Vesicariae
Carex_membranacea||YUK|spm00005502|Vesicariae
Carex_rotundata|B1142|MAN|spm00001749|Vesicariae
Carex_membranacea||NUN|spm00005504|Vesicariae
Carex_schweinitzii|B649|MIC|spm00001256|Vesicariae
Carex_saxatilis||NUN|spm00005529|Vesicariae
Carex_saxatilis||NUN|spm00005527|Vesicariae
Carex_raddei||KOR|spm00000007|Carex
Carex_nakasimae|E0483|KOR?|spm00000341|Vesicariae
Carex_pamirensis_subsp._pamirensis||AFG|spm00003377|Vesicariae
Carex_saxatilis|B616|UTA|spm00001223|Vesicariae
Carex_exsiccata|B1369|BRC|spm00001976|Vesicariae
Carex_tuckermanii|B740|MIC|spm00001345|Vesicariae
Carex_baileyi|B133|KTY|spm00000751|Vesicariae
Carex_durangensis||MXE|spm00000272|Vesicariae
Carex_phragmitoides||ETH|spm00000221|Vesicariae
Carex_antoniensis||CVI|spm00002181|Vesicariae
Carex_cognata||NAT|spm00000182|Vesicariae
Carex_thurberi|B1209|ARI|spm00001816|Vesicariae
Carex_sphaerogyna||MDG|spm00000237|Vesicariae
Carex_sphaerogyna||MDG|spm00000238|Vesicariae
Carex_sphaerogyna||MDG|spm00000236|Vesicariae
Carex_polysticha||DOM|spm00000292|Vesicariae
Carex_polysticha||AGE|spm00000566|Vesicariae
Carex_cognata||MLW|spm00000181|Vesicariae
Carex_bullata|B157|MAS|spm00000775|Vesicariae
Carex_lupulina|B472|MRY|spm00001078|Lupulinae
Carex_lupulina||QUE|spm00005229|Lupulinae
Carex_lupulina|lupulina_68|INI|spm00002488|Lupulinae
Carex_louisianica|B390|FLA|spm00001008|Lupulinae
Carex_gigantea|B299|FLA|spm00000917|Lupulinae
Carex_rhodesiaca|Carex_MOR_318||spm00004696|Phacocystis
Carex_inversonervosa||NWC|spm00002193|Phacocystis
Carex_suifunensis|E0525|KOR?|spm00000350|Phacocystis
Carex_aequialta|E0001|KOR?|spm00000320|Phacocystis
Carex_madagascariensis||MDG|spm00002211|Phacocystis
Carex_madagascariensis||MDG|spm00000208|Phacocystis
Carex_madagascariensis||MDG|spm00002210|Phacocystis
Carex_grayi|B306|TEN|spm00000924|Lupulinae
Carex_ivanoviae||CHQ|spm00003371|Lamprochlaenae
Carex_picta|B553|GEO|spm00001159|Pictae
Carex_picta|||spm00005179|Pictae
Carex_baltzellii|B1307|FLA|spm00001914|Pictae
Carex_planostachys|B544|TEX|spm00001150|Hallerianae
Carex_lativena|B1222|NWM|spm00001829|Hallerianae
Carex_planostachys||MXE|spm00000285|Hallerianae
Carex_mabilliana||COR|spm00000594|Hallerianae
Carex_mannii||KEN|spm00000210|Spirostachyae
Carex_mannii_subsp._mannii||EQG|spm00002860|Spirostachyae
Carex_mannii_subsp._friesiorum||KEN|spm00002863|Spirostachyae
Carex_mannii_subsp._mannii||RWA|spm00002861|Spirostachyae
Carex_mannii_subsp._thomasii||ETH|spm00002877|Spirostachyae
Carex_mannii_subsp._thomasii||ETH|spm00002876|Spirostachyae
Carex_vallis_rosetto||UGA|spm00000245|Spirostachyae
Carex_vallis_rosetto||UGA|spm00000244|Spirostachyae
Carex_mannii_subsp._Thomasii||ETH|spm00004347|Spirostachyae
Carex_greenwayi||TAN|spm00004344|Spirostachyae
Carex_petitiana|Carex_MOR_320||spm00004698|Spirostachyae
Carex_greenwayi||TAN|spm00002881|Spirostachyae
Carex_greenwayi||KEN|spm00002882|Spirostachyae
Carex_elgonensis||KEN|spm00002850|Spirostachyae
Carex_vallis_rosetto||MLW|spm00002848|Spirostachyae
Carex_vallis_rosetto||TAN|spm00002847|Spirostachyae
Carex_vallis_rosetto||TAN|spm00002849|Spirostachyae
Carex_vallis_rosetto||TAN|spm00004376|Spirostachyae
Carex_mildbraediana||BUR|spm00002862|Spirostachyae
Carex_mildbraediana||BUR|spm00004361|Spirostachyae
Carex_longipedunculata||KEN|spm00000203|Spirostachyae
Carex_petitiana_subsp._petitiana||KEN|spm00002867|Spirostachyae
Carex_borbonica||REU|spm00004353|Spirostachyae
Carex_boryana||REU|spm00004377|Spirostachyae
Carex_petitiana_subsp._attenuata||MLW|spm00002871|Spirostachyae
Carex_petitiana_subsp._attenuata||MLW|spm00002872|Spirostachyae
Carex_petitiana_subsp._attenuata||MLW|spm00004345|Spirostachyae
Carex_petitiana||TAN|spm00000220|Spirostachyae
Carex_petitiana_subsp._petitiana||NGA|spm00002869|Spirostachyae
Carex_petitiana_subsp._petitiana||CMN|spm00002868|Spirostachyae
Carex_petitiana_subsp._petitiana||ETH|spm00002866|Spirostachyae
Carex_petitiana|Carex_MOR_319||spm00004697|Spirostachyae
Carex_fischeri||ETH|spm00004352|Spirostachyae
Carex_fischeri||KEN|spm00004381|Spirostachyae
Carex_sect.Spirostachyae||ETH|spm00000235|Spirostachyae
Carex_petitiana||KEN|spm00000218|Spirostachyae
Carex_longipedunculata||KEN|spm00000167|Spirostachyae
Carex_longipedunculata||KEN|spm00000168|Spirostachyae
Carex_longipedunculata||MLW|spm00000204|Spirostachyae
Carex_elgonensis||ETH|spm00000190|Spirostachyae
Carex_elgonensis||UGA|spm00000188|Spirostachyae
Carex_fischeri_subsp._fischeri||KEN|spm00002852|Spirostachyae
Carex_fischeri_subsp._recedens||ZAI|spm00002855|Spirostachyae
Carex_elgonensis||UGA|spm00000189|Spirostachyae
Carex_simensis||KEN|spm00000229|Spirostachyae
Carex_simensis||KEN|spm00000230|Spirostachyae
Carex_simensis||UGA|spm00000233|Spirostachyae
Carex_simensis|Carex_MOR_910||spm00004703|Spirostachyae
Carex_simensis||UGA|spm00000234|Spirostachyae
Carex_simensis||KEN|spm00002873|Spirostachyae
Carex_simensis||ETH|spm00000231|Spirostachyae
Carex_simensis||ETH|spm00002874|Spirostachyae
Carex_paulo_vargasii||MOR|spm00004349|Spirostachyae
Carex_fissirostris||MOR|spm00004379|Spirostachyae
Carex_perraudieriana||CNY|spm00002865|Spirostachyae
Carex_perraudieriana||CNY|spm00002864|Spirostachyae
Carex_binervis||SPA|spm00002884|Spirostachyae
Carex_binervis||SPA|spm00002883|Spirostachyae
Carex_laevigata||FRA|spm00002940|Spirostachyae
Carex_laevigata||FRA|spm00002939|Spirostachyae
Carex_laevigata||SPA|spm00002935|Spirostachyae
Carex_camposii||SPA|spm00002891|Spirostachyae
Carex_camposii||SPA|spm00002892|Spirostachyae
Carex_binervis||FRA|spm00002886|Spirostachyae
Carex_binervis||FRA|spm00004357|Spirostachyae
Carex_laevigata||POR|spm00002937|Spirostachyae
Carex_laevigata||SPA|spm00002938|Spirostachyae
Carex_laevigata||SPA|spm00002936|Spirostachyae
Carex_laevigata||SPA|spm00002934|Spirostachyae
Carex_paulo_vargasii||MOR|spm00002947|Spirostachyae
Carex_paulo_vargasii||MOR|spm00002950|Spirostachyae
Carex_paulo_vargasii||MOR|spm00002951|Spirostachyae
Carex_paulo_vargasii||MOR|spm00002952|Spirostachyae
Carex_paulo_vargasii||MOR|spm00002948|Spirostachyae
Carex_mairei||SPA|spm00004367|Spirostachyae
Carex_mairei||FRA|spm00002946|Spirostachyae
Carex_mairei||SPA|spm00002944|Spirostachyae
Carex_hochstetteriana||AZO|spm00002856|Spirostachyae
Carex_aethiopica||CPP|spm00004365|Spirostachyae
Carex_clavata|Carex_MOR_317||spm00004695|Spirostachyae
Carex_aethiopica||CPP|spm00002841|Spirostachyae
Carex_clavata||CPP|spm00002845|Spirostachyae
Carex_clavata||CPP|spm00002846|Spirostachyae
Carex_clavata||CPP|spm00004348|Spirostachyae
Carex_aethiopica||CPP|spm00000166|Spirostachyae
Carex_gunniana||TAS|spm00002926|Spirostachyae
Carex_gunniana||TAS|spm00002927|Spirostachyae
Carex_gunniana||TAS|spm00004360|Spirostachyae
Carex_rhynchoperigynium||MXE|spm00000295|Hymenochlaenae
Carex_fissirostris||MOR|spm00002918|Spirostachyae
Carex_fuscula||CLC|spm00002920|Spirostachyae
Carex_fuscula||CLS|spm00002922|Spirostachyae
Carex_fuscula||CLC|spm00004370|Spirostachyae
Carex_fuscula||CLS|spm00002923|Spirostachyae
Carex_fuscula||CLS|spm00002921|Spirostachyae
Carex_fuscula||AGE|spm00002925|Spirostachyae
Carex_fuscula||CLS|spm00002919|Spirostachyae
Carex_catharinensis||BZS|spm00004375|Spirostachyae
Carex_punctata||MOR|spm00004350|Spirostachyae
Carex_thouarsii||TDC|spm00002880|Spirostachyae
Carex_thouarsii||TDC|spm00002879|Spirostachyae
Carex_thouarsii||TDC|spm00002878|Spirostachyae
Carex_thouarsii||TDC|spm00004351|Spirostachyae
Carex_catharinensis||BZS|spm00002894|Spirostachyae
Carex_catharinensis||BZS|spm00002896|Spirostachyae
Carex_catharinensis||BZS|spm00002895|Spirostachyae
Carex_catharinensis||BZS|spm00002893|Spirostachyae
Carex_simensis||KEN|spm00004374|Spirostachyae
Carex_punctata||KRI|spm00002953|Spirostachyae
Carex_punctata||SPA|spm00002955|Spirostachyae
Carex_punctata||COR|spm00002956|Spirostachyae
Carex_punctata||MOR|spm00002957|Spirostachyae
Carex_lowei||MDR|spm00002859|Spirostachyae
Carex_helodes||MOR|spm00002929|Spirostachyae
Carex_blakei||NSW|spm00004358|Spirostachyae
Carex_helodes||POR|spm00002928|Spirostachyae
Carex_helodes||SPA|spm00002930|Spirostachyae
Carex_distans||MOR|spm00002907|Spirostachyae
Carex_distans||SPA|spm00002902|Spirostachyae
Carex_distans||KRI|spm00002903|Spirostachyae
Carex_distans||FRA|spm00002908|Spirostachyae
Carex_burchelliana||CPP|spm00002890|Spirostachyae
Carex_burchelliana||CPP|spm00002889|Spirostachyae
Carex_burchelliana||CPP|spm00004368|Spirostachyae
Carex_distans||MOR|spm00002900|Spirostachyae
Carex_distans||SPA|spm00002905|Spirostachyae
Carex_distans||TUR|spm00004354|Spirostachyae
Carex_troodi||CYP|spm00002960|Spirostachyae
Carex_troodi||CYP|spm00002961|Spirostachyae
Carex_troodi||CYP|spm00004356|Spirostachyae
Carex_distans|B226|GRC|spm00000844|Spirostachyae
Carex_idaea||KRI|spm00002931|Spirostachyae
Carex_distans||TUR|spm00002901|Spirostachyae
Carex_distans||IRN|spm00002910|Spirostachyae
Carex_idaea||KRI|spm00002932|Spirostachyae
Carex_distans||TUR|spm00002909|Spirostachyae
Carex_distans||BUL|spm00002906|Spirostachyae
Carex_idaea||KRI|spm00004380|Spirostachyae
Carex_diluta||IRN|spm00002898|Spirostachyae
Carex_diluta||TCS|spm00002899|Spirostachyae
Carex_diluta||TCS|spm00004364|Spirostachyae
Carex_lainzii||SPA|spm00002943|Spirostachyae
Carex_lainzii||SPA|spm00002941|Spirostachyae
Carex_lainzii||SPA|spm00004371|Spirostachyae
Carex_extensa||SPA|spm00002914|Spirostachyae
Carex_extensa||ITA|spm00002915|Spirostachyae
Carex_extensa||FIN|spm00002913|Spirostachyae
Carex_extensa||COR|spm00004369|Spirostachyae
Carex_extensa|B1246|VRG|spm00001853|Spirostachyae
Carex_ecklonii||CPP|spm00002912|Spirostachyae
Carex_ecklonii||CPP|spm00002911|Spirostachyae
Carex_vixdentata||AGE|spm00004366|Spirostachyae
Carex_tasmanica||TAS|spm00002958|Echinochlaenae
Carex_tasmanica||TAS|spm00002959|Echinochlaenae
Carex_tasmanica||TAS|spm00004362|Echinochlaenae
Carex_rubicunda|||spm00004423|Echinochlaenae
Carex_traversii||NZS|spm00002187|Echinochlaenae
Carex_pleiostachys|||spm00004408|Echinochlaenae
Carex_decurtata|||spm00004414|Echinochlaenae
Carex_blakei||NSW|spm00002887|Spirostachyae
Carex_blakei||NSW|spm00002888|Spirostachyae
Carex_lepidocarpa_subsp._lepidocarpa|||spm00003215|Ceratocystis
Carex_lepidocarpa_subsp._nevadensis||SPA|spm00003137|Ceratocystis
Carex_demissa_subsp._cedercreutzii||AZO|spm00003014|Ceratocystis
Carex_demissa||SPA|spm00003136|Ceratocystis
Carex_lepidocarpa_subsp._lepidocarpa||Slovenia|spm00003042|Ceratocystis
Carex_demissa|B1341|NSC|spm00001948|Ceratocystis
Carex_larensis||VEN|spm00000601|Ceratocystis
Carex_lepidocarpa_subsp._jemtlandica||NOR|spm00003055|Ceratocystis
Carex_demissa||MOR|spm00003243|Ceratocystis
Carex_viridula|||spm00003247|Ceratocystis
Carex_derelicta||CZE|spm00003350|Ceratocystis
Carex_viridula||KGZ|spm00003481|Ceratocystis
Carex_demissa_subsp._iranica||IRN|spm00000598|Ceratocystis
Carex_sagei||AGS|spm00000548|Ceratocystis
Carex_flava|B881|NFL|spm00001483|Ceratocystis
Carex_hostiana||UK|spm00003074|Ceratocystis
Carex_hostiana||SPA|spm00003274|Ceratocystis
Carex_hostiana|B1387|QUE|spm00001994|Ceratocystis
Carex_viridistellata|B1411||spm00002018|Ceratocystis
Carex_lutea|B1158|NCA|spm00001765|Ceratocystis
Carex_monotropa||NAT|spm00000215|Ceratocystis
Carex_bequaertii||KEN|spm00000172|Rhynchocystis
Carex_bequaertii||KEN|spm00000177|Rhynchocystis
Carex_bequaertii||ETH|spm00000173|Rhynchocystis
Carex_bequaertii||KEN|spm00000176|Rhynchocystis
Carex_bequaertii|Carex_MOR_313||spm00004693|Rhynchocystis
Carex_bequaertii||UGA|spm00000174|Rhynchocystis
Carex_mossii|27E1MMR11|NAT|spm00003760|Rhynchocystis
Carex_sylvatica|B983|WAS|spm00001590|Sylvaticae
Carex_sylvatica||SPA|spm00003168|Sylvaticae
Carex_folliculata|B293|DEL|spm00000911|Rostrales
Carex_lonchocarpa|B381|FLA|spm00000999|Rostrales
Carex_turgescens|B839|MSI|spm00001442|Rostrales
Carex_triquetra|B1193|CAL|spm00001800|Triquetrae
Carex_capillaris||NUN|spm00005470|Chlorostachyae
Carex_capillaris||NUN|spm00005473|Chlorostachyae
Carex_capillaris||NUN|spm00005471|Chlorostachyae
Carex_capillaris||NUN|spm00005472|Chlorostachyae
Carex_specuicola|B1207|ARI|spm00001814|Racemosae
Carex_idahoa|B956|MNT|spm00001563|Racemosae
Carex_serratodens|B619|CAL|spm00001226|Racemosae
Carex_aboriginum|B1231|IDA|spm00001838|Racemosae
Carex_atrosquama|B1113|MNT|spm00001720|Racemosae
Carex_nigerrima||PAK|spm00003469|Racemosae
Carex_pseudobicolor||PAK|spm00003380|Racemosae
Carex_heteroneura_var._papillosa|B268|UTA|spm00000886|Racemosae
Carex_nelsonii|B1225|MNT|spm00001832|Racemosae
Carex_heteroneura|B307|NEV|spm00000925|Racemosae
Carex_pelocarpa|B589|NEV|spm00001195|Racemosae
Carex_chalciolepis|B1523|COL|spm00002129|Racemosae
Carex_nova|B081|COL|spm00000700|Racemosae
Carex_sabulosa|B1039|YUK|spm00001646|Racemosae
Carex_moorcroftii||CHQ|spm00003370|Racemosae
Carex_praeclara||CHT|spm00003379|Racemosae
Carex_heterostachya|B1415||spm00002022|Paludosae
Carex_heterostachya||CHN|spm00003464|Paludosae
Carex_kansuensis||CHC|spm00003365|Racemosae
Carex_chalciolepis|B175|TAI|spm00000793|Racemosae
Carex_hancockiana||CHM|spm00003463|Racemosae
Carex_helleri|B861|CAL|spm00001464|Racemosae
Carex_norvegica||NUN|spm00005516|Racemosae
Carex_norvegica||NUN|spm00005518|Racemosae
Carex_norvegica|B1009|ORE|spm00001616|Racemosae
Carex_stevenii|B1103|COL|spm00001710|Racemosae
Carex_melanocephala||ALT|spm00006157|Racemosae
Carex_lehmannii||CHC|spm00003367|Racemosae
Carex_bijiangensis||CHT|spm00003354|Racemosae
Carex_buxbaumii||YUG|spm00000561|Racemosae
Carex_atropicta||AGS|spm00000519|Racemosae
Carex_blanda|blanda_3205|ILL|spm00002272|Laxiflorae
Carex_blanda|STA_183|ONT|spm00005146|Laxiflorae
Carex_laxiflora_var._gracillima|B309|KTY|spm00000927|Laxiflorae
Carex_laxiflora|STA_182|ARK|spm00005145|Laxiflorae
Carex_kraliana|B363|ARK|spm00000981|Laxiflorae
Carex_chapmanii|B214|FLA|spm00000832|Laxiflorae
Carex_albursina|Carex_STARR_1||FASTA.LABEL.NO.SPECIMEN.MATCH|Laxiflorae
Carex_hendersonii|B1340|BRC|spm00001947|Laxiflorae
Carex_klamathensis|B1463|ORE|spm00002069|Paniceae
Carex_hassei|B1260|CAL|spm00001867|Bicolores
Carex_livida||NWJ|spm00005230|Paniceae
Carex_bicolor||NUN|spm00005460|Bicolores
Carex_brachycalama||BOL|spm00000368|Paniceae
Carex_woodii|B1183|IOW|spm00001790|Paniceae
Carex_biltmoreana|B1462|NCA|spm00002068|Paniceae
Carex_ormostachya|B528|MIC|spm00001134|Laxiflorae
Carex_vaginata|||spm00005231|Paniceae
Carex_egena|D0265|KOR?|spm00000329|Paniceae
Carex_auriculata|D0527|KOR?|spm00000345|Paniceae
Carex_pallidula||FIN|spm00004388|Clandestinae
Carex_quadriflora|E0482|KOR?|spm00000347|Clandestinae
Carex_acidicola|B039|ALA|spm00000658|Griseae
Carex_thornei||ALA|spm00005326|Griseae
Carex_acidicola||GEO|spm00005280|Griseae
Carex_acidicola||ALA|spm00005279|Griseae
Carex_calcifugens|B049|FLA|spm00000668|Griseae
Carex_acidicola||ALA|spm00005278|Griseae
Carex_thornei||FLA|spm00005327|Griseae
Carex_paeninsulae||FLA|spm00005319|Griseae
Carex_paeninsulae||FLA|spm00005318|Griseae
Carex_calcifugens||GEO|spm00005287|Griseae
Carex_calcifugens||FLA|spm00005286|Griseae
Carex_planispicata||MSI|spm00005324|Griseae
Carex_thornei||GEO|spm00005328|Griseae
Carex_planispicata||MRY|spm00005323|Griseae
Carex_planispicata|B047|MRY|spm00000666|Griseae
Carex_thornei|B040|FLA|spm00000659|Griseae
Carex_paeninsulae|B842|FLA|spm00001445|Griseae
Carex_planispicata||TEN|spm00005325|Griseae
Carex_bulbostylis||MSI|spm00005285|Griseae
Carex_bulbostylis|B029|MSI|spm00000648|Griseae
Carex_oligocarpa||ARK|spm00005314|Griseae
Carex_oligocarpa||KTY|spm00005312|Griseae
Carex_oligocarpa||MSI|spm00005313|Griseae
Carex_oligocarpa|B931|ARK|spm00001532|Griseae
Carex_edwardsiana|B1536|TEX|spm00002142|Griseae
Carex_amphibola||MRY|spm00005282|Griseae
Carex_amphibola||SCA|spm00005283|Griseae
Carex_amphibola||ALA|spm00005281|Griseae
Carex_amphibola|B035|ALA|spm00000654|Griseae
Carex_godfreyi|B1180|ALA|spm00001787|Griseae
Carex_godfreyi||FLA|spm00005303|Griseae
Carex_godfreyi||ALA|spm00005304|Griseae
Carex_corrugata||TEX|spm00005292|Griseae
Carex_corrugata||ALA|spm00005293|Griseae
Carex_corrugata|B051|ALA|spm00000670|Griseae
Carex_grisea||KTY|spm00005305|Griseae
Carex_grisea||MRY|spm00005306|Griseae
Carex_grisea|B037|KTY|spm00000656|Griseae
Carex_grisea||TEX|spm00005307|Griseae
Carex_corrugata||SCA|spm00005291|Griseae
Carex_conoidea|B825|DEL|spm00001428|Griseae
Carex_conoidea||DEL|spm00005288|Griseae
Carex_conoidea||PEN|spm00005289|Griseae
Carex_careyana|B798|KTY|spm00001401|Careyanae
Carex_plantaginea|B1286|TEN|spm00001893|Careyanae
Carex_hitchcockiana||KTY|spm00005311|Griseae
Carex_hitchcockiana||ONT|spm00005308|Griseae
Carex_hitchcockiana|B038|KTY|spm00000657|Griseae
Carex_hitchcockiana||QUE|spm00005223|Griseae
Carex_brysonii||ALA|spm00005284|Griseae
Carex_brysonii|B036|ALA|spm00000655|Griseae
Carex_ouachitana||OKL|spm00005316|Griseae
Carex_ouachitana||ARK|spm00005317|Griseae
Carex_ouachitana||KTY|spm00005315|Griseae
Carex_ouachitana|B937|WAS|spm00001538|Griseae
Carex_asynchrona||MXE|spm00000257|Griseae
Carex_impressinervia|B1177|MSI|spm00001784|Griseae
Carex_flaccosperma|B052|LOU|spm00000671|Griseae
Carex_pigra||SCA|spm00005321|Griseae
Carex_flaccosperma||TEX|spm00005296|Griseae
Carex_pigra||MSI|spm00005322|Griseae
Carex_flaccosperma||LOU|spm00005297|Griseae
Carex_flaccosperma||SCA|spm00005295|Griseae
Carex_pigra|B1178|MSI|spm00001785|Griseae
Carex_glaucodea||KTY|spm00005300|Griseae
Carex_glaucodea||INI|spm00005301|Griseae
Carex_glaucodea||KTY|spm00005299|Griseae
Carex_glaucodea|B924|INI|spm00001525|Griseae
Carex_atractodes||MXE|spm00000256|Granulares
Carex_collinsii|B209|DEL|spm00000827|Collinsiae
Carex_luzulifolia|B410|CAL|spm00001028|Aulocystis
Carex_luzulina_var._luzulina|B1301|CAL|spm00001908|Aulocystis
Carex_albida||CAL|spm00003602|Aulocystis
Carex_lemmonii|B411|CAL|spm00001029|Aulocystis
Carex_fissuricola|B1511|IDA|spm00002117|Aulocystis
Carex_giraldiana||CHN|spm00000054|Careyanae
Carex_longirostrata||CHS|spm00000077|Rhomboidales
Carex_longirostrata|D0259|KOR?|spm00000351|Rhomboidales
Carex_baimaensis||CHS|spm00000027|Careyanae
Carex_yandangshanica||CHS|spm00000138|Rhomboidales
Carex_chaofangii||CHS|spm00000093|Rhomboidales
Carex_kobresiformis||CHS|spm00000067|Rhomboidales
Carex_lianchengensis||CHS|spm00000073|Rhomboidales
Carex_shangchengensis||CHS|spm00000071|Rhomboidales
Carex_foraminata||CHS|spm00000052|Mitratae
Carex_ulobasis||KOR|spm00000003|Acrocystis
Carex_morii|F0014|KOR?|spm00000340|Decorae
Carex_blepharicarpa_var._stenocarpa|E0025|KOR?|spm00000323|Aulocystis
Carex_davidii||CHN|spm00000040|Mitratae
Carex_hastata||CHS|spm00000058|Rhomboidales
Carex_qiyunensis||CHS|spm00000102|Mitratae
Carex_hypochlora||CHN|spm00000060|Mitratae
Carex_genkaiensis|D0099|KOR?|spm00000330|Mitratae
Carex_lancifolia||CHN|spm00000070|Clandestinae
Carex_breviaristata||CHS|spm00000029|Mitratae
Carex_nervata|E0402|KOR?|spm00000342|Mitratae
Carex_kamagariensis|D0218|KOR?|spm00000336|Mitratae
Carex_meridiana|D0660|KOR?|spm00000338|Mitratae
Carex_candolleana|E0109|KOR?|spm00000327|Mitratae
Carex_chungii||CHS|spm00000134|Mitratae
Carex_genkaiensis||KOR|spm00000008|Mitratae
Carex_chungii||CHS|spm00000137|Mitratae
Carex_chungii||CHS|spm00000037|Mitratae
Carex_mitrata_var._aristata||CHS|spm00000086|Mitratae
Carex_chungii||CHS|spm00000022|Mitratae
Carex_polyschoenoides||CHN|spm00000096|Mitratae
Carex_densipilosa||CHS|spm00000042|Lageniformes
Carex_genkaiensis||KOR|spm00000011|Mitratae
Carex_jiuhuaensis||CHS|spm00000063|Rhomboidales
Carex_dapanshanica||CHS|spm00000039|Mitratae
Carex_macrandrolepis||KOR|spm00000009|Rhomboidales
Carex_macrandrolepis|E0316|KOR?|spm00000337|Rhomboidales
Carex_spissa||MXE|spm00000296|Thuringiaca
Carex_pringlei||MXE|spm00000293|Thuringiaca
Carex_spissa|B1208|ARI|spm00001815|Thuringiaca
Carex_flacca|B1202|CAL|spm00001809|Thuringiaca
Carex_macrostachys||ITA|spm00000523|Aulocystis
Carex_macrosolen||CL?|spm00003085|Abditispicae
Carex_macrosolen||AGS|spm00000553|Abditispicae
Carex_collumanthus|STA_11|COL|spm00005156|Abditispicae
Carex_banksii||CLS|spm00000545|Pellucidae
Carex_acaulis||CLS|spm00000518|Abditispicae
Carex_depauperata||GRB|spm00005158|Depauperatae
Carex_johnstonii||TAN|spm00000199|Hymenochlaenae
Carex_johnstonii||UGA|spm00000200|Hymenochlaenae
Carex_johnstonii||ETH|spm00000198|Hymenochlaenae
Carex_bulgarica||BUL|spm00000555|Aulocystis
Carex_melanocarpa||KHA|spm00004389|Acrocystis
Carex_negrii||SOM|spm00003349|Graciles
Carex_fuliginosa||NUN|spm00005481|Aulocystis
Carex_fuliginosa||NUN|spm00005482|Aulocystis
Carex_fuliginosa||NUN|spm00005478|Aulocystis
Carex_fuliginosa||NUN|spm00005480|Aulocystis
Carex_fuliginosa||NUN|spm00005476|Aulocystis
Carex_fuliginosa||NUN|spm00005477|Aulocystis
Carex_fuliginosa|B1020|ARK|spm00001627|Aulocystis
Carex_stenocarpa||ALT|spm00003412|Aulocystis
Carex_sect.Aulocystis||CHC|spm00003387|Aulocystis
Carex_nivalis||AFG|spm00003375|Aulocystis
Carex_alajica||CHX|spm00003353|Careyanae
Carex_oligocarya||PAK|spm00003395|Clandestinae
Carex_concinnoides|B1311|CAL|spm00001918|Clandestinae
Carex_negrii||ETH|spm00003348|Graciles
Carex_cherokeensis||FLA|spm00005225|Hymenochlaenae
Carex_tunimanensis||MXT|spm00000303|Hymenochlaenae
Carex_cherokeensis|B212|FLA|spm00000830|Hymenochlaenae
Carex_obispoensis|B1190|CAL|spm00001797|Hymenochlaenae
Carex_tonsa|B712||spm00001317|Acrocystis
Carex_albicans|STA_187|USA?|spm00005138|Acrocystis
Carex_floridana|B288|FLA|spm00000906|Acrocystis
Carex_pensylvanica||MAN|spm00005140|Acrocystis
Carex_pensylvanica|pensylvanica_3202|ILL|spm00002569|Acrocystis
Carex_pityophila|B1223|NWM|spm00001830|Acrocystis
Carex_geophila|B322|TEX|spm00000940|Acrocystis
Carex_brainerdii|B142|CAL|spm00000760|Acrocystis
Carex_zikae|B966|WAS|spm00001573|Acrocystis
Carex_globosa|B302|CAL|spm00000920|Acrocystis
Carex_turbinata||MXN|spm00000301|Acrocystis
Carex_serpenticola|B1354|CAL|spm00001961|Acrocystis
Carex_reznicekii|B605|ALA|spm00001212|Acrocystis
Carex_leucodonta||MXE|spm00000269|Acrocystis
Carex_turbinata|B1270|ARI|spm00001877|Acrocystis
Carex_turbinata||MXE|spm00000302|Acrocystis
Carex_perakensis|C_perakensis_BHY||spm00003609|Decorae
Carex_baccans|STA_208|TAI|spm00005149|Polystachyae
Carex_composita||CHT|spm00003356|Polystachyae
Carex_schlagintweitiana||CHT|spm00003382|Setigerae
Carex_litvinovii||TZK|spm00003467|Aulocystis
Carex_koshewnikowii||TZK|spm00003465|Aulocystis
Carex_haematostoma_var._alexeenkoana||PAK|spm00003360|Aulocystis
Carex_nakaoana||CHT|spm00003374|Aulocystis
Carex_haematostoma_var._alexeenkoana||PAK|spm00003359|Aulocystis
Carex_borii||WHM|spm00003355|Aulocystis
Carex_plectobasis||CHT|spm00003378|Aulocystis
Carex_haematostoma||CHT|spm00003383|Aulocystis
Carex_montis_everesti||CHT|spm00003369|Aulocystis
Carex_glacialis||NUN|spm00005483|Lamprochlaenae
Carex_glacialis||NUN|spm00005484|Lamprochlaenae
Carex_glacialis|B887|NFL|spm00001488|Lamprochlaenae
Carex_subebracteata||CHI|spm00000121|Mitratae
Carex_tricolor||BUL|spm00003601|Acrocystis
Carex_turkestanica||AFG|spm00003479|Lamprochlaenae
Carex_turkestanica||KGZ|spm00003476|Lamprochlaenae
Carex_liparocarpos_subsp._bordzilowskii||TCS|spm00003466|Lamprochlaenae
Carex_tangulashanensis||CHQ|spm00003591|Lamprochlaenae
Carex_rhizina||AUT|spm00002182|Clandestinae
Carex_pediformis_subsp._macroura||FIN|spm00003598|Clandestinae
Carex_rhizina_subsp._reventa||CHM|spm00003484|Clandestinae
Carex_cardiolepis||AFG|spm00003391|Clandestinae
Carex_tapintzensis||CHT|spm00003393|Clandestinae
Carex_crebra||CHT|spm00003396|Clandestinae
Carex_crebra||CHT|spm00003392|Clandestinae
Carex_laeta||CHT|spm00003394|Clandestinae
Carex_renauldii||MDG|spm00000224|Hymenochlaenae
Carex_graminifolia||MDG|spm00000195|Indicae
Carex_hirtigluma||MDG|spm00000196|Indicae
Carex_hirtigluma||MDG|spm00000197|Indicae
Carex_elatior||MDG|spm00002221|Indicae
Carex_valbrayi||MDG|spm00002203|Indicae
Carex_renschiana||MDG|spm00002206|Indicae
Carex_heterodoxa||MDG|spm00002213|Indicae
Carex_ramosa||REU|spm00002209|Indicae
Carex_andringitrensis|Carex_MOR_911||spm00004704|Indicae
Carex_hirtigluma||MDG|spm00002212|Indicae
Carex_rutenbergiana||MDG|spm00000228|Indicae
Carex_pyramidalis||MDG|spm00000223|Indicae
Carex_valbrayi||MDG|spm00002204|Indicae
Carex_proxima||MDG|spm00000222|Indicae
Carex_euryphylla||MDG|spm00002218|Indicae
Carex_euryphylla||MDG|spm00002219|Indicae
Carex_pyramidalis|Carex_MOR_912||spm00004705|Indicae
Carex_wahlenbergiana||REU|spm00002200|Indicae
Carex_renschiana||MDG|spm00002207|Indicae
Carex_zuluensis||NAT|spm00000580|Indicae
Carex_neochevalieri||SIE|spm00002179|Indicae
Carex_macrophyllidion|Carex_MOR_913||spm00004706|Indicae
Carex_steudneri||TAN|spm00000242|Indicae
Carex_wahlenbergiana||REU|spm00002201|Indicae
Carex_aztecica||MXG|spm00000253|Indicae
Carex_aztecica||MXS|spm00000254|Indicae
Carex_humboldtiana||MXC|spm00000271|Indicae
Carex_sect.Indicae___sp._nov._C._polystachya_group||MXE|spm00000287|Indicae
Carex_polystachya|STA_210|BLZ|spm00005148|Indicae
Carex_hultenii||MXE|spm00000273|Indicae
Carex_sect.Indicae___sp._nov._red_based_Polystachyae||MXT|spm00000286|Indicae
Carex_angolensis||MLW|spm00000170|Indicae
Carex_sect.Indicae___Chiapas||MXT|spm00000291|Indicae
Carex_sect.Indicae___Chiapas||MXT|spm00000290|Indicae
Carex_madrensis||MXS|spm00000277|Indicae
Carex_echinochloe_subsp._nyasensis||TAN|spm00000187|Indicae
Carex_echinochloe|Carex_MOR_908||spm00004701|Indicae
Carex_steudneri||KEN|spm00000240|Indicae
Carex_steudneri|Carex_MOR_909||spm00004702|Indicae
Carex_chlorosaccus||KEN|spm00000180|Indicae
Carex_leptocladus||GGI|spm00002180|Indicae
Carex_neochevalieri|Carex_MOR_321||spm00004699|Indicae
Carex_ramosa||REU|spm00002208|Indicae
Carex_andringitrensis||MDG|spm00000169|Indicae
Carex_sect.Indicae||KOR|spm00000005|Indicae
Carex_sanguinea||AFG|spm00003475|Kobresia
Carex_cruciata|C_cruciata_ZSL||spm00003648|Indicae
Carex_filicina|C_filiciana_BHY||spm00003607|Indicae
Carex_bathiei||MDG|spm00002195|Indicae
Carex_sect.Indicae||KOR|spm00000004|Indicae
Carex_filicina|C_filicina_LJQ||spm00003644|Indicae
Carex_filicina||CHT|spm00003386|Indicae
Carex_filicina||CHS|spm00000143|Indicae
Carex_rivulorum|C_hangzhouensis_BHY||spm00003604|Hangzhouenses
Carex_simulans|C_simulans_BHY||spm00003605|Rhomboidales
Carex_pomiensis||CHT|spm00003352|Decorae
Carex_pseudotristachya||CHS|spm00000098|Mitratae
Carex_indica||FIJ|spm00002192|Indicae
Carex_indica||QLD|spm00002191|Indicae
Carex_cruciata|STA_207|MLY|spm00005147|Indicae
Carex_elatior||MDG|spm00002220|Indicae
Carex_munda||EHM|spm00003372|Mundae
Carex_inclinis||CHT|spm00003373|Decorae
Carex_gongshanensis||CHT|spm00003361|Graciles
Carex_lachenalii_subsp._parkeri|||spm00006050|Glareosae
Carex_lachenalii_subsp._parkeri|||spm00006049|Glareosae
Carex_lachenalii||NUN|spm00005491|Glareosae
Carex_lachenalii||NUN|spm00005489|Glareosae
Carex_lachenalii||NUN|spm00005493|Glareosae
Carex_lachenalii||NUN|spm00005490|Glareosae
Carex_lachenalii|||spm00006045|Glareosae
Carex_lachenalii|||spm00006034|Glareosae
Carex_lachenalii|||spm00006042|Glareosae
Carex_lachenalii|||spm00006044|Glareosae
Carex_lachenalii|||spm00006035|Glareosae
Carex_lachenalii|||spm00006039|Glareosae
Carex_lachenalii||NUN|spm00005488|Glareosae
Carex_lachenalii|B1033|ARK|spm00001640|Glareosae
Carex_lachenalii|||spm00006040|Glareosae
Carex_lachenalii|||spm00006043|Glareosae
Carex_lachenalii|||spm00006047|Glareosae
Carex_lachenalii|||spm00006048|Glareosae
Carex_lachenalii|||spm00006041|Glareosae
Carex_lachenalii|||spm00006046|Glareosae
Carex_mackenziei|||spm00006062|Glareosae
Carex_mackenziei|B1050|ARK|spm00001657|Glareosae
Carex_mackenziei|||spm00006063|Glareosae
Carex_mackenziei|STA_833|MAN|spm00005245|Glareosae
Carex_glareosa_subsp._glareosa|B1149|MAN|spm00001756|Glareosae
Carex_glareosa|||spm00006021|Glareosae
Carex_glareosa|||spm00006020|Glareosae
Carex_glareosa||NUN|spm00005487|Glareosae
Carex_glareosa||NUN|spm00005486|Glareosae
Carex_glareosa|||spm00006022|Glareosae
Carex_glareosa|||spm00004628|Glareosae
Carex_glareosa|||spm00006023|Glareosae
Carex_glareosa|||spm00006024|Glareosae
Carex_glareosa|glareosa_17823|ASK|spm00002420|Glareosae
Carex_glareosa|||spm00006026|Glareosae
Carex_ursina|||spm00006103|Glareosae
Carex_ursina|||spm00006104|Glareosae
Carex_ursina|||spm00006106|Glareosae
Carex_ursina|||spm00006107|Glareosae
Carex_ursina|B1368|YUK|spm00001975|Glareosae
Carex_ursina|ursina_86196|GNL|spm00002726|Glareosae
Carex_nemurensis|C.nemurensis_1963||spm00004619|Glareosae
Carex_diastena|||spm00006010|Glareosae
Carex_diastena|Carex_MAGUILLA_82||FASTA.LABEL.NO.SPECIMEN.MATCH|Glareosae
Carex_heleonastes|||spm00006031|Glareosae
Carex_heleonastes|||spm00006027|Glareosae
Carex_heleonastes|||spm00006028|Glareosae
Carex_heleonastes|||spm00006030|Glareosae
Carex_heleonastes|B1347|ABT|spm00001954|Glareosae
Carex_heleonastes|||spm00006029|Glareosae
Carex_trisperma_var._billingsii|trisperma_var_billingsii||spm00002722|Glareosae
Carex_trisperma|B729|MIC|spm00001334|Glareosae
Carex_trisperma|||spm00006099|Glareosae
Carex_trisperma|||spm00006098|Glareosae
Carex_trisperma|||spm00006097|Glareosae
Carex_trisperma_var._billingsii|||spm00004630|Glareosae
Carex_trisperma_var._billingsii|||spm00006101|Glareosae
Carex_marina_subsp._pseudolagopina|||spm00006072|Glareosae
Carex_marina_subsp._pseudolagopina|||spm00006073|Glareosae
Carex_marina_subsp._pseudolagopina|||spm00006071|Glareosae
Carex_marina||NWT|spm00005498|Glareosae
Carex_marina||NUN|spm00005495|Glareosae
Carex_marina|||spm00006066|Glareosae
Carex_marina|||spm00006068|Glareosae
Carex_marina|||spm00006070|Glareosae
Carex_marina|||spm00006065|Glareosae
Carex_marina||NWT|spm00005496|Glareosae
Carex_marina|marina_050074|YUK|spm00002498|Glareosae
Carex_marina|||spm00006067|Glareosae
Carex_marina|B1139|MAN|spm00001746|Glareosae
Carex_marina|||spm00006069|Glareosae
Carex_loliacea|||spm00006061|Glareosae
Carex_loliacea|loliacea_2001||spm00002484|Glareosae
Carex_loliacea|STA_832|FIN|spm00005386|Glareosae
Carex_loliacea|||spm00006059|Glareosae
Carex_loliacea|||spm00004629|Glareosae
Carex_loliacea|B1043|ARK|spm00001650|Glareosae
Carex_tenuiflora|||spm00006091|Glareosae
Carex_tenuiflora|||spm00006093|Glareosae
Carex_tenuiflora|||spm00006087|Glareosae
Carex_canescens|curta_06162001|KOR|spm00002341|Glareosae
Carex_tenuiflora|tenuiflora_3175|WIS|spm00002706|Glareosae
Carex_tenuiflora|||spm00006089|Glareosae
Carex_tenuiflora|||spm00006094|Glareosae
Carex_tenuiflora|||spm00006086|Glareosae
Carex_tenuiflora|B708|MAN|spm00001313|Glareosae
Carex_brunnescens|||spm00005976|Glareosae
Carex_brunnescens|||spm00005977|Glareosae
Carex_brunnescens|||spm00005975|Glareosae
Carex_brunnescens|||spm00005980|Glareosae
Carex_brunnescens|||spm00005974|Glareosae
Carex_brunnescens|||spm00005972|Glareosae
Carex_brunnescens|||spm00005984|Glareosae
Carex_brunnescens|STA_787|MAN|spm00005384|Glareosae
Carex_brunnescens|||spm00005973|Glareosae
Carex_brunnescens|||spm00005968|Glareosae
Carex_brunnescens|||spm00005981|Glareosae
Carex_brunnescens|||spm00005978|Glareosae
Carex_brunnescens_subsp._sphaerostachya|||spm00005985|Glareosae
Carex_brunnescens_subsp._sphaerostachya|||spm00005986|Glareosae
Carex_brunnescens|||spm00005966|Glareosae
Carex_brunnescens|||spm00005969|Glareosae
Carex_brunnescens_subsp._sphaerostachya|||spm00005987|Glareosae
Carex_brunnescens|brunnescens_3163|WIS|spm00002287|Glareosae
Carex_brunnescens_sphaerostachya|Carex_STARR_4||FASTA.LABEL.NO.SPECIMEN.MATCH|Glareosae
Carex_brunnescens|||spm00005982|Glareosae
Carex_kreczetoviczii|Carex_MAGUILLA_108||FASTA.LABEL.NO.SPECIMEN.MATCH|Glareosae
Carex_brunnescens|||spm00005970|Glareosae
Carex_brunnescens|||spm00005983|Glareosae
Carex_brunnescens_subsp._sphaerostachya|||spm00005989|Glareosae
Carex_furva|||spm00006011|Glareosae
Carex_furva|||spm00006017|Glareosae
Carex_furva|||spm00006012|Glareosae
Carex_furva|||spm00006013|Glareosae
Carex_furva|||spm00006016|Glareosae
Carex_furva|||spm00006018|Glareosae
Carex_furva|||spm00006014|Glareosae
Carex_bonanzensis|Carex_MAGUILLA_35||FASTA.LABEL.NO.SPECIMEN.MATCH|Glareosae
Carex_bonanzensis|B1213|ARK|spm00001820|Glareosae
Carex_bonanzensis|||spm00005963|Glareosae
Carex_bonanzensis|||spm00005965|Glareosae
Carex_canescens_subsp._disjuncta|||spm00006008|Glareosae
Carex_canescens_subsp._disjuncta|||spm00006009|Glareosae
Carex_lapponica|B1034|ARK|spm00001641|Glareosae
Carex_canescens|canescens_1879||spm00002293|Glareosae
Carex_canescens|canescens_3173|WIS|spm00002295|Glareosae
Carex_canescens|STA_788|ONT|spm00005385|Glareosae
Carex_canescens|lapponica_14790|INI|spm00002469|Glareosae
Carex_canescens_var._robustior|||spm00006006|Glareosae
Carex_canescens|||spm00006001|Glareosae
Carex_canescens|canescence_587|U.S.A.|spm00002296|Glareosae
Carex_canescens|||spm00006003|Glareosae
Carex_canescens|||spm00006004|Glareosae
Carex_canescens|||spm00005999|Glareosae
Carex_canescens|||spm00006005|Glareosae
Carex_arctiformis|||spm00005962|Glareosae
Carex_canescens||CL?|spm00003113|Glareosae
Carex_arctiformis|||spm00005961|Glareosae
Carex_canescens|||spm00006002|Glareosae
Carex_canescens|||spm00005994|Glareosae
Carex_canescens|||spm00005995|Glareosae
Carex_canescens|canescens_2402||spm00002294|Glareosae
Carex_canescens|canescens_1787||spm00002292|Glareosae
Carex_praeceptorium|||spm00006076|Glareosae
Carex_praeceptorium|||spm00006077|Glareosae
Carex_praeceptorium|||spm00006078|Glareosae
Carex_praeceptorium|||spm00006079|Glareosae
Carex_praeceptorium|STA_852|ORE|spm00005387|Glareosae
Carex_praeceptorium|||spm00006075|Glareosae
Carex_canescens||SPA|spm00003182|Glareosae
Carex_canescens||ICE|spm00003159|Glareosae
Carex_canescens||FIN|spm00003135|Glareosae
Carex_lapponica|||spm00006058|Glareosae
Carex_lapponica|||spm00006057|Glareosae
Carex_praeceptorium|praeceptorium_34104|MNT|spm00002589|Glareosae
Carex_praeceptorium|B1345|CAL|spm00001952|Glareosae
Carex_traiziscana|||spm00006096|Glareosae
Carex_traiziscana|||spm00006095|Glareosae
Carex_pseudololiacea|||spm00006085|Glareosae
Carex_pseudololiacea|||spm00006084|Glareosae
Carex_pseudololiacea|||spm00006082|Glareosae
Carex_pseudololiacea|||spm00006080|Glareosae
Carex_pseudololiacea|||spm00006083|Glareosae
Carex_arenaria|arenaria_3448|SWE|spm00002255|Ammoglochin
Carex_arenaria|||spm00005933|Ammoglochin
Carex_arenaria|B115|DEL|spm00000733|Ammoglochin
Carex_arenaria|STA_781|DEL|spm00005359|Ammoglochin
Carex_praecox|STA_853|RUS|spm00005240|Ammoglochin
Carex_colchica|ligerica_1|BUL|spm00002480|Ammoglochin
Carex_brizoides|STA_784|GER|spm00005239|Ammoglochin
Carex_remota|||spm00006118|Remotae
Carex_remota|remota_5863|Russia?|spm00002614|Remotae
Carex_remota|remota_3452|SPA|spm00002613|Remotae
Carex_remota|remota_2057||spm00002612|Remotae
Carex_planata|planata_26567|JAP|spm00002583|Remotae
Carex_planata|planata_4025|JAP|spm00002584|Remotae
Carex_rochebrunii||CHS|spm00005431|Remotae
Carex_remotiuscula|remotiuscula_431|CHC|spm00002615|Remotae
Carex_rochebrunii|rochebrunii_2353||spm00002620|Remotae
Carex_alta|alta_0436063|CH?|spm00002237|Planatae
Carex_gynocrates||MAN|spm00005428|Physoglochin
Carex_gynocrates|B1023|ARK|spm00001630|Physoglochin
Carex_duriuscula|stenophylla_35100|WYO|spm00002674|Divisae
Carex_duriuscula||MAN|spm00005376|Divisae
Carex_duriuscula||MAN|spm00005375|Divisae
Carex_duriuscula|duriuscula_93927|MIN|spm00002386|Divisae
Carex_douglasii|B1530|SAS|spm00002136|Divisae
Carex_duriuscula|B1046|ARK|spm00001653|Divisae
Carex_stenophylla||HUN|spm00002178|Divisae
Carex_spicata_subsp._spicata||NET|spm00004407|Phaestoglochin
Carex_spicata|STA_870|DEL|spm00005418|Phaestoglochin
Carex_spicata|contigua_52|Russia?|spm00002322|Phaestoglochin
Carex_spicata_subsp._spicata||FRA|spm00004406|Phaestoglochin
Carex_spicata_subsp._andresii||SPA|spm00004404|Phaestoglochin
Carex_spicata|||spm00006115|Phaestoglochin
Carex_muricata_subsp._cesanensis||ITA|spm00004397|Phaestoglochin
Carex_spicata_subsp._andresii||SPA|spm00004405|Phaestoglochin
Carex_pairae||SPA|spm00004403|Phaestoglochin
Carex_muricata_subsp._pairae|muricata_3153|SPA|spm00002524|Phaestoglochin
Carex_muricata_subsp._muricata||SPA|spm00004399|Phaestoglochin
Carex_pairae||SPA|spm00004401|Phaestoglochin
Carex_leersii||NET|spm00004394|Phaestoglochin
Carex_divulsa|divulsa_1613|NZN|spm00002379|Phaestoglochin
Carex_divulsa||FRA|spm00004390|Phaestoglochin
Carex_divulsa||SPA|spm00004391|Phaestoglochin
Carex_divulsa||NET|spm00004392|Phaestoglochin
Carex_muricata_subsp._cesanensis||FRA|spm00004398|Phaestoglochin
Carex_magacis||FRA|spm00004396|Phaestoglochin
Carex_magacis||SPA|spm00004395|Phaestoglochin
Carex_divulsa_subsp._divulsa|B974|WAS|spm00001581|Phaestoglochin
Carex_spicata|B666|BUL|spm00001272|Phaestoglochin
Carex_muricata_subsp._lamprocarpa|B1504|MOR|spm00002110|Phaestoglochin
Carex_glomerabilis||CPP|spm00000193|Stenorhynchae
Carex_otrubae||GRB|spm00005259|Vulpinae
Carex_otrubae||SPA|spm00000559|Vulpinae
Carex_glomerabilis||CPP|spm00000194|Stenorhynchae
Carex_paniculata|paniculata_3419|GRC|spm00002565|Heleoglochin
Carex_paniculata|paniculata_2417||spm00002564|Heleoglochin
Carex_paniculata|STA_846|GRB|spm00005393|Heleoglochin
Carex_paniculata|||spm00006109|Heleoglochin
Carex_paniculata|STA_847|SPA|spm00005247|Heleoglochin
Carex_divisa|divisa_3450|FRA|spm00002377|Divisae
Carex_divisa|B1458|MRY|spm00002064|Divisae
Carex_erythrorrhiza||ETH|spm00000192|Stenorhynchae
Carex_erythrorrhiza||ETH|spm00000191|Stenorhynchae
Carex_stipata|STA_874|DEL|spm00005443|Vulpinae
Carex_laevivaginata|STA_829|OHI|spm00005441|Vulpinae
Carex_stipata|STA_873|MRY|spm00005444|Vulpinae
Carex_laevivaginata|B375|ALA|spm00000993|Vulpinae
Carex_stipata_var._stipata|B646|MAN|spm00001253|Vulpinae
Carex_arcta|B092|ASK|spm00000710|Glareosae
Carex_arcta|||spm00005960|Glareosae
Carex_arcta|||spm00005959|Glareosae
Carex_arcta|arcta_3180|WIS|spm00002252|Glareosae
Carex_arcta|||spm00005957|Glareosae
Carex_arcta|||spm00005955|Glareosae
Carex_arcta|STA_779|ORE|spm00005383|Glareosae
Carex_arcta|||spm00005954|Glareosae
Carex_arcta|||spm00005956|Glareosae
Carex_illota|C.illota_5715||spm00004620|Glareosae
Carex_illota|STA_821|COL|spm00005406|Glareosae
Carex_illota|||spm00006113|Glareosae
Carex_illota|||spm00006110|Glareosae
Carex_illota|B343|CAL|spm00000961|Glareosae
Carex_illota|||spm00006111|Glareosae
Carex_illota|illota_700|CAL|spm00002445|Glareosae
Carex_laeviculmis|B794|CAL|spm00001397|Glareosae
Carex_laeviculmis|||spm00006051|Glareosae
Carex_laeviculmis|||spm00006053|Glareosae
Carex_laeviculmis|STA_827|CAL|spm00005273|Glareosae
Carex_laeviculmis||CAL|spm00005274|Glareosae
Carex_laeviculmis||CAL|spm00005272|Glareosae
Carex_laeviculmis|Carex_STARR_8||FASTA.LABEL.NO.SPECIMEN.MATCH|Glareosae
Carex_laeviculmis|||spm00006055|Glareosae
Carex_laeviculmis|laeviculmis_3189|CAL|spm00002462|Glareosae
Carex_laeviculmis|laeviculmis_411|CAL|spm00002463|Glareosae
Carex_disperma|STA_803|MAN|spm00005372|Dispermae
Carex_disperma|disperma_3167|WIS|spm00002371|Dispermae
Carex_disperma|||spm00005940|Dispermae
Carex_disperma|B1045|ARK|spm00001652|Dispermae
Carex_disperma|||spm00005945|Dispermae
Carex_disperma|||spm00005942|Dispermae
Carex_disperma|||spm00005943|Dispermae
Carex_chordorrhiza|STA_793|MAN|spm00005365|Chordorrhizae
Carex_chordorrhiza|chordorrhiza_827||spm00002313|Chordorrhizae
Carex_chordorrhiza|chordorrhiza_3176|WIS|spm00002311|Chordorrhizae
Carex_chordorrhiza|B1318|BRC|spm00001925|Chordorrhizae
Carex_sterilis|STA_872|OHI|spm00005436|Stellulatae
Carex_sterilis|sterilis_4696|INI|spm00002678|Stellulatae
Carex_sterilis|B1136|MAN|spm00001743|Stellulatae
Carex_atlantica_subsp._atlantica|B100|FLA|spm00000718|Stellulatae
Carex_ruthii|STA_861|GEO|spm00005434|Stellulatae
Carex_ruthii|B600a|NCA|spm00001206|Stellulatae
Carex_ruthii|ruthii_4011A|NCA|spm00002627|Stellulatae
Carex_echinata|echinata_3196|CAL|spm00002392|Stellulatae
Carex_interior|interior_3145|WIS|spm00002452|Stellulatae
Carex_interior|STA_823|MAN|spm00005433|Stellulatae
Carex_wiegandii|wiegandii_Reznicek|MAI|spm00002743|Stellulatae
Carex_wiegandii|STA_884|MAI|spm00005437|Stellulatae
Carex_wiegandii|B748|MAI|spm00001353|Stellulatae
Carex_echinata_subsp._echinata|B1026|ARK|spm00001633|Stellulatae
Carex_echinata|STA_110|GRB|spm00005186|Stellulatae
Carex_exilis|B269|DEL|spm00000887|Stellulatae
Carex_exilis|exilis_sn|MAI|spm00002400|Stellulatae
Carex_seorsa|STA_864|KTY|spm00005435|Stellulatae
Carex_seorsa|B635|DEL|spm00001242|Stellulatae
Carex_elongata|||spm00005950|Elongatae
Carex_elongata|||spm00005952|Elongatae
Carex_elongata|||spm00005946|Elongatae
Carex_elongata|||spm00005953|Elongatae
Carex_elongata|||spm00005949|Elongatae
Carex_elongata|||spm00005947|Elongatae
Carex_elongata|||spm00005948|Elongatae
Carex_elongata|STA_812|FIN|spm00005379|Elongatae
Carex_peucophila||ECU|spm00000595|Ovales
Carex_appressa|STA_777|NZS|spm00005389|Heleoglochin
Carex_appressa||NSW|spm00002189|Heleoglochin
Carex_appressa|appressa_1739|TAS|spm00002245|Heleoglochin
Carex_incomitata|incomitata_1789|NSW|spm00002446|Heleoglochin
Carex_appressa||NSW|spm00002190|Heleoglochin
Carex_appressa|appressa_tas1731||spm00002246|Heleoglochin
Carex_appropinquata|STA_778|BLT|spm00005390|Heleoglochin
Carex_vulpinaris||AFG|spm00003473|Phaestoglochin
Carex_leptopoda||MAN|spm00005275|Deweyanae
Carex_leptopoda|STA_831|JAP|spm00005370|Deweyanae
Carex_leptopoda|B796|BRC|spm00001399|Deweyanae
Carex_bolanderi|B811|CAL|spm00001414|Deweyanae
Carex_bolanderi|||spm00005260|Deweyanae
Carex_bolanderi|bolanderi_3199|CAL|spm00002277|Deweyanae
Carex_leptopoda|C_leptopoda_MTMG.306||spm00005939|Deweyanae
Carex_infirminervia||CAL|spm00005271|Deweyanae
Carex_infirminervia||CAL|spm00005269|Deweyanae
Carex_infirminervia|B795|CAL|spm00001398|Deweyanae
Carex_infirminervia|infirminervia_3193|CAL|spm00002448|Deweyanae
Carex_senanensis|STA_863|MAN|spm00005371|Deweyanae
Carex_bromoides||NWY|spm00005264|Deweyanae
Carex_bromoides|||spm00005262|Deweyanae
Carex_bromoides|Carex_STARR_3||FASTA.LABEL.NO.SPECIMEN.MATCH|Deweyanae
Carex_bromoides||NCA|spm00005265|Deweyanae
Carex_deweyana|STA_186|ABT|spm00005154|Deweyanae
Carex_deweyana|deweyana_3162|WIS|spm00002359|Deweyanae
Carex_deweyana|deweyana_147||spm00002357|Deweyanae
Carex_deweyana_var._deweyana|B421|MAN|spm00001039|Deweyanae
Carex_tincta|tincta_3734|MAI|spm00002712|Ovales
Carex_tincta|tincta_10919|MAI|spm00002711|Ovales
Carex_tenera_var._tenera|B1143|MAN|spm00001750|Ovales
Carex_shinnersii|B618|TEN|spm00001225|Ovales
Carex_missouriensis|missouriensis_4883A|ILL|spm00002512|Ovales
Carex_silicea|silicea_Reznicek|MAI|spm00002645|Ovales
Carex_muskingumensis|B509|MIC|spm00001115|Ovales
Carex_normalis|B451|ALA|spm00001059|Ovales
Carex_festucacea|festucacea_4699|INI|spm00002401|Ovales
Carex_bicknellii|B126|INI|spm00000744|Ovales
Carex_merritt_fernaldii|B443|MAN|spm00001051|Ovales
Carex_oronensis|B1291|MAI|spm00001898|Ovales
Carex_brevior|B1216|BRC|spm00001823|Ovales
Carex_brevior|brevior_3126|WIS|spm00002280|Ovales
Carex_hyalina|B294|MSI|spm00000912|Ovales
Carex_molesta|B463|DEL|spm00001070|Ovales
Carex_reniformis|B581|GEO|spm00001187|Ovales
Carex_shinnersii|shinnersii_10367|TEX|spm00002637|Ovales
Carex_tetrastachya|tetrastachya_10344|TEX|spm00002708|Ovales
Carex_opaca|B527|OKL|spm00001133|Ovales
Carex_cristatella|cristatella_3152|ILL|spm00002330|Ovales
Carex_cristatella|B182|KTY|spm00000800|Ovales
Carex_crawfordii|B170|NWY|spm00000788|Ovales
Carex_crawfordii||ILL|spm00002161|Ovales
Carex_projecta|projecta_3170|WIS|spm00002600|Ovales
Carex_bebbii|B127|MAN|spm00000745|Ovales
Carex_cumulata|B253|ILL|spm00000871|Ovales
Carex_molesta|molesta_12209|MSI|spm00002513|Ovales
Carex_molestiformis|molestiformis_4817A|GEO|spm00002518|Ovales
Carex_leporina|leporina_3346|ITA|spm00002474|Ovales
Carex_vexans|vexans_2379|FLA|spm00002733|Ovales
Carex_vexans|B761|FLA|spm00001366|Ovales
Carex_longii||MSX|spm00000278|Ovales
Carex_balfourii||REU|spm00002199|Ammoglochin
Carex_suberecta|Carex_STARR_14||FASTA.LABEL.NO.SPECIMEN.MATCH|Ovales
Carex_longii|B383|ARK|spm00001001|Ovales
Carex_balfourii||REU|spm00000528|Ammoglochin
Carex_balfourii||REU|spm00002198|Ammoglochin
Carex_longii||MXT|spm00000279|Ovales
Carex_alata|alata_4740|INI|spm00002230|Ovales
Carex_crawfordii|crawfordii_3159|WIS|spm00002329|Ovales
Carex_albolutescens|albolutescens_4732|INI|spm00002232|Ovales
Carex_albolutescens|STA_774|KTY|spm00005404|Ovales
Carex_suberecta|suberecta_598|WIS|spm00002689|Ovales
Carex_scoparia_aff_New_Mexico||NWM|spm00000276|Ovales
Carex_suberecta|B953|ARK|spm00001559|Ovales
Carex_scoparia_var._scoparia|scoparia_3135|WIS|spm00002633|Ovales
Carex_straminea|straminea_4738|INI|spm00002682|Ovales
Carex_hormathodes|STA_820|DEL|spm00005405|Ovales
Carex_hormathodes|B1508|NSC|spm00002114|Ovales
Carex_interjecta|interjecta_15398|MXC|spm00002454|Ovales
Carex_hormathodes|hormathodes_Reznicek|MAI|spm00002440|Ovales
Carex_ozarkana|ozarkana_9357|ARK|spm00002557|Ovales
Carex_unilateralis|B985|WAS|spm00001592|Ovales
Carex_subfusca||ARI|spm00000308|Ovales
Carex_subfusca||ARI|spm00000311|Ovales
Carex_athrostachya|athrostachya_794|CAL|spm00002259|Ovales
Carex_unilateralis|unilateralis_15637|ORE|spm00002725|Ovales
Carex_leporinella|leporinella_15857|IDA|spm00002477|Ovales
Carex_leporinella|B1006|WAS|spm00001613|Ovales
Carex_sychnocephala|B1293|ONT|spm00001900|Ovales
Carex_sychnocephala||MAN|spm00005366|Ovales
Carex_petasata|petasata_14950|ORE|spm00002572|Ovales
Carex_tahoensis|B1068|ORE|spm00001675|Ovales
Carex_petasata|B586|UTA|spm00001192|Ovales
Carex_xerantica|xenantica_17732|ONT|spm00002747|Ovales
Carex_xerantica|B1306|ONT|spm00001913|Ovales
Carex_tahoensis|tahoensis_879|CAL|spm00002697|Ovales
Carex_adusta|B1466|ABT|spm00002072|Ovales
Carex_adusta|adusta_10922|MAI|spm00002225|Ovales
Carex_mariposana|mariposana_16|CAL|spm00002499|Ovales
Carex_subfusca|B1261|CAL|spm00001868|Ovales
Carex_stenoptila|B676|UTA|spm00001282|Ovales
Carex_macloviana|pyrophila_sn1980|KAM|spm00002608|Ovales
Carex_pachystachya|STA_845|BRC|spm00005407|Ovales
Carex_abrupta|B520|BRC|spm00001126|Ovales
Carex_stenoptila|stenopstla_1848|UTA|spm00002675|Ovales
Carex_macloviana|||spm00002162|Ovales
Carex_macloviana|||spm00003222|Ovales
Carex_macloviana|||spm00002163|Ovales
Carex_macloviana|||spm00002164|Ovales
Carex_macloviana|||spm00002168|Ovales
Carex_macloviana|B1028|ARK|spm00001635|Ovales
Carex_harfordii|B347|CAL|spm00000965|Ovales
Carex_harfordii|harfordii_309|CAL|spm00002430|Ovales
Carex_subbracteata|subbracteata_24641|WAS|spm00002686|Ovales
Carex_preslii|B568|ORE|spm00001174|Ovales
Carex_pachystachya|||spm00002169|Ovales
Carex_pachystachya|pachystachya_21180|UTA|spm00002559|Ovales
Carex_subbracteata|B1348|CAL|spm00001955|Ovales
Carex_gracilior|gracilior_363|CAL|spm00002422|Ovales
Carex_pachystachya|B1257|ARK|spm00001864|Ovales
Carex_pachystachya|||spm00002165|Ovales
Carex_tahoensis|tahoensis_1013|COL|spm00002696|Ovales
Carex_proposita|B1334|CAL|spm00001941|Ovales
Carex_phaeocephala|phaeocephala_24671|WAS|spm00002580|Ovales
Carex_leporinella|leporinella_815|CAL|spm00002478|Ovales
Carex_praticola|praticola_15169|ORE|spm00002595|Ovales
Carex_davyi|B856|CAL|spm00001459|Ovales
Carex_argyrantha|B116|MRY|spm00000734|Ovales
Carex_foenea|foenea_3171|WIS|spm00002409|Ovales
Carex_iljinii|iljinii_1964|BRY|spm00002443|Ammoglochin
Carex_orizabae|orizabae_36822|MXC|spm00002547|Ovales
Carex_orizabae||MXC|spm00000283|Ovales
Carex_stenoptila|stenoptila_1067|COL|spm00002676|Ovales
Carex_lagunensis|lagunensis_4482|MXE|spm00002467|Ovales
Carex_macloviana|macloviana_1008|COL|spm00002492|Ovales
Carex_ebenea|B1263|ARI|spm00001870|Ovales
Carex_microptera|microptera_1024|COL|spm00002506|Ovales
Carex_subfusca||ARI|spm00000309|Ovales
Carex_microptera||ARI|spm00000314|Ovales
Carex_arapahoensis|B1118|COL|spm00001725|Ovales
Carex_pachystachya|||spm00002167|Ovales
Carex_pachystachya|||spm00002166|Ovales
Carex_microptera|B1273|COL|spm00001880|Ovales
Carex_microptera||ARI|spm00000313|Ovales
Carex_microptera_Pinaleno|pinaleno_2138|ARI|spm00002582|Ovales
Carex_microptera||ARI|spm00000319|Ovales
Carex_microptera||ARI|spm00000318|Ovales
Carex_microptera||ARI|spm00000316|Ovales
Carex_arapahoensis|arapahoensis_1659|COL|spm00002251|Ovales
Carex_microptera|microptera_1681|COL|spm00002507|Ovales
Carex_microptera|B316|NEV|spm00000934|Ovales
Carex_egglestonii|egglestonii_1053|COL|spm00002394|Ovales
Carex_egglestonii|B1095|CAL|spm00001702|Ovales
Carex_wootonii|wootonii_Reznicek|MXE|spm00002746|Ovales
Carex_peucophila|peucophila_33020|MXC|spm00002576|Ovales
Carex_wootonii|B1206|ARI|spm00001813|Ovales
Carex_specifica|B686|CAL|spm00001292|Ovales
Carex_multicostata|multicostata_714|CAL|spm00002523|Ovales
Carex_straminiformis|straminiformis_18|CAL|spm00002684|Ovales
Carex_specifica|specifica_3200|CAL|spm00002670|Ovales
Carex_subfusca|subfusca_833|NEV|spm00002692|Ovales
Carex_mariposana|B1277|ARI|spm00001884|Ovales
Carex_feta|feta_3185|CAL|spm00002403|Ovales
Carex_integra|B359|CAL|spm00000977|Ovales
Carex_fracta|fracta_3188|CAL|spm00002411|Ovales
Carex_fracta|B278|CAL|spm00000896|Ovales
Carex_fracta|Carex_STARR_7||FASTA.LABEL.NO.SPECIMEN.MATCH|Ovales
Carex_microptera||ARI|spm00000315|Ovales
Carex_subfusca||ARI|spm00000307|Ovales
Carex_subfusca||ARI|spm00000310|Ovales
Carex_microptera||ARI|spm00000317|Ovales
Carex_straminiformis|B660|UTA|spm00001266|Ovales
Carex_preslii|preslii_24658B|WAS|spm00002597|Ovales
Carex_teneriformis|teneraeformis_716|CAL|spm00002704|Ovales
Carex_pterocarpa|||spm00004425|Inversae
Carex_hebes|hebes_2329|NSW|spm00002434|Inversae
Carex_triangularis|triangularis_23200|USA?|spm00002715|Multiflorae
Carex_triangularis|B739|TEX|spm00001344|Multiflorae
Carex_fissa_var._fissa|B262|TEX|spm00000880|Multiflorae
Carex_annectens|annectens_3123|WIS|spm00002239|Multiflorae
Carex_triangularis|STA_877|ARK|spm00005402|Multiflorae
Carex_fissa|fissa_7461|MRY|spm00002406|Multiflorae
Carex_annectens|B112|ALA|spm00000730|Multiflorae
Carex_fissa|STA_815|FLA|spm00005400|Multiflorae
Carex_vulpinoidea|vulpinoidea_13345|WIS|spm00002737|Multiflorae
Carex_vulpinoidea|B746|CAL|spm00001351|Multiflorae
Carex_densa|B1062|ORE|spm00001669|Multiflorae
Carex_densa|densa_3183|CAL|spm00002356|Multiflorae
Carex_alopecoidea|alopecoidea_3138|WIS|spm00002236|Vulpinae
Carex_alopecoidea|B1121|ILL|spm00001728|Vulpinae
Carex_conjuncta|STA_795|KTY|spm00005439|Vulpinae
Carex_cephaloidea|B186|MAI|spm00000804|Phaestoglochin
Carex_austrina|B172|MRY|spm00000790|Phaestoglochin
Carex_sparganioides|B683|DEL|spm00001289|Phaestoglochin
Carex_conjuncta|conjuncta_4684|INI|spm00002317|Vulpinae
Carex_sparganioides|sparganioides_3120|ILL|spm00002669|Phaestoglochin
Carex_aggregata|aggregata_3150|ILL|spm00002227|Phaestoglochin
Carex_cephaloidea|cephaloidea_3||spm00002302|Phaestoglochin
Carex_aggregata|STA_772|KTY|spm00005252|Phaestoglochin
Carex_gravida|gravida_2214|NEB|spm00002426|Phaestoglochin
Carex_gravida|B352|TEN|spm00000970|Phaestoglochin
Carex_mesochorea|STA_837|KTY|spm00005411|Phaestoglochin
Carex_mesochorea|mesochorea_Reznicek|MIC|spm00002505|Phaestoglochin
Carex_mesochorea|B491|ALA|spm00001097|Phaestoglochin
Carex_perdentata|perdentata_10111|TEX|spm00002570|Phaestoglochin
Carex_cephalophora|STA_790|KTY|spm00005408|Phaestoglochin
Carex_perdentata|B585|TEX|spm00001191|Phaestoglochin
Carex_leavenworthii|STA_830|KTY|spm00005410|Phaestoglochin
Carex_marianensis|STA_835|MXE|spm00005401|Multiflorae
Carex_marianensis||MXE|spm00000280|Multiflorae
Carex_cephalophora|cephalophora_3114|ILL|spm00002304|Phaestoglochin
Carex_muehlenbergii_var._enervis|B1359|ARK|spm00001966|Phaestoglochin
Carex_leavenworthii|leavenworthii_3119|ILL|spm00002470|Phaestoglochin
Carex_muehlenbergii|muehlenbergii_3143|WIS|spm00002520|Phaestoglochin
Carex_xalapensis|STA_885|MXE|spm00005424|Phaestoglochin
Carex_xalapensis||MXE|spm00000305|Phaestoglochin
Carex_xalapensis||MXC|spm00000304|Phaestoglochin
Carex_oklahomensis|oklahomensis_4829A|GEO|spm00002542|Vulpinae
Carex_oklahomensis|B505|ARK|spm00001111|Vulpinae
Carex_oklahomensis|STA_844|DEL|spm00005442|Vulpinae
Carex_alma|B085|CAL|spm00000703|Multiflorae
Carex_alma|alma_8629|CAL|spm00002234|Multiflorae
Carex_occidentalis|B1526|CAL|spm00002132|Phaestoglochin
Carex_pansa|STA_848|ORE|spm00005377|Divisae
Carex_praegracilis|STA_854|MIC|spm00005378|Divisae
Carex_pansa|pansa_15612|ORE|spm00002568|Divisae
Carex_praegracilis|B551|CAL|spm00001157|Divisae
Carex_agrostoides||MXE|spm00000263|Ovales
Carex_chihuahuensis||MXN|spm00005399|Multiflorae
Carex_chihuahuensis||MXN|spm00000265|Multiflorae
Carex_chihuahuensis|B1205|ARI|spm00001812|Multiflorae
Carex_chihuahuensis|chihuahuensis_949|ARI|spm00002308|Multiflorae
Carex_diandra|diandra_2947||spm00002363|Heleoglochin
Carex_diandra|B222|CAL|spm00000840|Heleoglochin
Carex_diandra|diandra_1608||spm00002362|Heleoglochin
Carex_prairea|STA_855|OHI|spm00005394|Heleoglochin
Carex_cusickii|STA_798|ORE|spm00005391|Heleoglochin
Carex_cusickii|B1397|BRC|spm00002004|Heleoglochin
Carex_cusickii|cusickii_3197|CAL|spm00002347|Heleoglochin
Carex_simulata|simulata_3198|CAL|spm00002646|Divisae
Carex_simulata|B678|CAL|spm00001284|Divisae
Carex_decomposita|B218|DEL|spm00000836|Heleoglochin
Carex_decomposita|decomposita_9313|DEL|spm00002354|Heleoglochin
Carex_neurophora|neurophora_15867|WAS|spm00002535|Vulpinae
Carex_neurophora|B1008|WAS|spm00001615|Vulpinae
Carex_neurophora|STA_841||spm00005258|Vulpinae
Carex_vernacula|STA_882|CAL|spm00005382|Foetidae
Carex_vernacula|B1106|COL|spm00001713|Foetidae
Carex_vernacula|vernacula_1063|COL|spm00002729|Foetidae
Carex_jonesii|B1003|WAS|spm00001610|Vulpinae
Carex_jonesii|jonesii_1074|CAL|spm00002456|Vulpinae
Carex_jonesii|STA_825|WYO|spm00005440|Vulpinae
Carex_lycurus||MLW|spm00000206|Stenorhynchae
Carex_lycurus||TAN|spm00000207|Stenorhynchae
Carex_lycurus|Carex_MOR_914||spm00004707|Stenorhynchae
Carex_leptosaccus_x_lycurus||KEN|spm00000202|Stenorhynchae
Carex_lycurus||KEN|spm00000205|Stenorhynchae
Carex_leptosaccus||UGA|spm00000201|Stenorhynchae
Carex_conferta||ETH|spm00000184|Stenorhynchae
Carex_crus_corvi|B204|FLA|spm00000822|Vulpinae
Carex_crus_corvi|cruscorvi_3149|ILL|spm00002332|Vulpinae
Carex_nervina|B1233|CAL|spm00001840|Vulpinae
Carex_nervina|nervina_3195|CAL|spm00002532|Vulpinae
Carex_gayana||CLS|spm00000573|Divisae
Carex_bromoides|STA_785|MRY|spm00005368|Deweyanae
Carex_bromoides|bromoides_144||spm00002283|Deweyanae
Carex_bromoides|bromoides_SN|WIS|spm00002286|Deweyanae
Carex_bromoides|STA_786|ALA|spm00005367|Deweyanae
Carex_bromoides|bromoides_3157|WIS|spm00002284|Deweyanae
Carex_rosea|rosea_514|WIS|spm00002626|Phaestoglochin
Carex_radiata|radiata_162|WIS|spm00002609|Phaestoglochin
Carex_rosea|B607|MAI|spm00001214|Phaestoglochin
Carex_socialis|socialis_15176|MSI|spm00002647|Phaestoglochin
Carex_appalachica|appalachica_4808|NCA|spm00002243|Phaestoglochin
Carex_radiata|STA_856|PEN|spm00005414|Phaestoglochin
Carex_socialis|STA_867|ALA|spm00005416|Phaestoglochin
Carex_appalachica|B103|MAS|spm00000721|Phaestoglochin
Carex_retroflexa|retroflexa_Reznicek|MIC|spm00002619|Phaestoglochin
Carex_texensis|B1073|CAL|spm00001680|Phaestoglochin
Carex_texensis|STA_876|KTY|spm00005420|Phaestoglochin
Carex_texensis||TEN|spm00005419|Phaestoglochin
Carex_sororia|STA_868|PAR|spm00005362|Bracteosae
Carex_bonariensis|STA_783|BOL|spm00005361|Bracteosae
Carex_arkansana|B119|ILL|spm00000737|Phaestoglochin
Carex_vallicola|STA_880|MON|spm00005422|Phaestoglochin
Carex_vallicola|B1379|BRC|spm00001986|Phaestoglochin
Carex_vallicola|STA_881|UTA|spm00005423|Phaestoglochin
Carex_bonariensis||PAR|spm00000367|Bracteosae
Carex_perglobosa|B1196|COL|spm00001803|Foetidae
Carex_perglobosa|perglobosa_13353|COL|spm00002571|Foetidae
Carex_douglasii|douglasii_35378|MNT|spm00002384|Divisae
Carex_douglasii|STA_807|COL|spm00005243|Divisae
Carex_macrocephala|B831|ARK|spm00001434|Macrocephalae
Carex_macrocephala|macrocephala_12990|ORE|spm00002494|Macrocephalae
Carex_kobomugi|B361|VRG|spm00000979|Macrocephalae
Carex_neurocarpa|neurocarpa_2736|JAP|spm00002534|Phleoideae
Carex_laevissima|STA_828|PRM|spm00005425|Phleoideae
Carex_laevissima|laevissima_05222001|KOR|spm00002465|Phleoideae
Carex_nubigena|nubigena_311|CHC|spm00002538|Phleoideae
Carex_fluviatilis|fluviatilis_321|CHC|spm00002407|Phleoideae
Carex_nubigena|pleiseongyna_68305|CHS|spm00002587|Phleoideae
Carex_nubigena||CHC|spm00003362|Phleoideae
Carex_potosina|STA_851|MXE|spm00005430|Potosinae
Carex_potosina|potosina_sn|MXE|spm00002588|Potosinae
Carex_occidentalis|STA_843|COL|spm00005413|Phaestoglochin
Carex_occidentalis||MXC|spm00000282|Phaestoglochin
Carex_hoodii|STA_818|ABT|spm00005253|Phaestoglochin
Carex_occidentalis|occidentalis_BN|NWM|spm00002541|Phaestoglochin
Carex_tumulicola|B733|CAL|spm00001338|Phaestoglochin
Carex_tumulicola|STA_879|ORE|spm00005421|Phaestoglochin
Carex_tumulicola|tumulicola_1083|CAL|spm00002723|Phaestoglochin
Carex_hoodii|B1323|CAL|spm00001930|Phaestoglochin
Carex_hookeriana|hookerana_91731|MAN|spm00002438|Phaestoglochin
Carex_hookeriana|B1507|ABT|spm00002113|Phaestoglochin
Carex_accrescens||KOR|spm00000018|Ammoglochin
Carex_sartwellii|STA_862|MAN|spm00005396|Holarrhenae
Carex_sartwellii|sartwellii_515|WIS|spm00002630|Holarrhenae
Carex_pycnostachys||AFG|spm00003389|Holarrhenae
Carex_curaica|curaica_sn|TVA|spm00002340|Holarrhenae
Carex_maritima||ICE|spm00003282|Foetidae
Carex_maritima|||spm00003217|Foetidae
Carex_maritima|STA_836|MAN|spm00005381|Foetidae
Carex_incurviformis|B1495|COL|spm00002101|Foetidae
Carex_incurviformis|incurviformis_22493|IDA/MNT|spm00002447|Foetidae
Carex_incurviformis|STA_822|COL|spm00005380|Foetidae
Carex_maritima||CL?|spm00003115|Foetidae
Carex_maritima|maritima_1048|YUK|spm00002500|Foetidae
Carex_siccata|STA_866|MAN|spm00005241|Ammoglochin
Carex_siccata|STA_865|MAN|spm00005360|Ammoglochin
Carex_siccata|B1464|ONT|spm00002070|Ammoglochin
Carex_physodes||IRN|spm00004433|Physodeae
Carex_subphysodes||AFG|spm00003477|Physodeae
Carex_physodes|STA_849|TZK|spm00005427|Physodeae
Carex_gibba|gibba_63|CHS|spm00002417|Gibbae
Carex_gibba|gibba_92|CHC|spm00002418|Gibbae
Carex_banksiana|STA_68|NZ?|spm00005085|Uncinia
Carex_dikei||MPE|spm00003482|Uncinia
Carex_austroflaccida|STA_21||spm00005091|Uncinia
Carex_firmula|STA_82|CLS|spm00005110|Uncinia
Carex_firmula|STA_17|ECU|spm00005111|Uncinia
Carex_subsacculata|STA_147|ECU|spm00005108|Uncinia
Carex_brevicaulis|STA_247|TDC|spm00005215|Uncinia
Carex_brevicaulis|STA_249|TDC|spm00005216|Uncinia
Carex_madida|STA_14|ECU|spm00005095|Uncinia
Carex_salticola||AGS|spm00000581|Uncinia
Carex_multifaria||CLC|spm00005101|Uncinia
Carex_hamata|STA_145|ECU|spm00005093|Uncinia
Carex_erinacea|STA_142|CLC|spm00005214|Uncinia
Carex_ecuadorensis|STA_148|ECU|spm00005088|Uncinia
Carex_meridensis||CL?|spm00003133|Uncinia
Carex_meridensis|STA_151|ECU|spm00005100|Uncinia
Carex_triangula||CL?|spm00003121|Uncinia
Carex_triangula||CLS|spm00005219|Uncinia
Carex_triangula||AGS|spm00005218|Uncinia
Carex_lechleriana||CL?|spm00003118|Uncinia
Carex_kingii|STA_80|CLS|spm00005221|Uncinia
Carex_geyeri|STA_185|MNT|spm00005152|Firmiculmes
Carex_geyeri|B324|ABT|spm00000942|Firmiculmes
Carex_multicaulis|B486|CAL|spm00001092|Firmiculmes
Carex_basiantha||GEO|spm00005334|Phyllostachyae
Carex_basiantha||RK|spm00005333|Phyllostachyae
Carex_basiantha||ALA|spm00005335|Phyllostachyae
Carex_jamesii||ALA|spm00005339|Phyllostachyae
Carex_jamesii||OKL|spm00005341|Phyllostachyae
Carex_jamesii|B010|ALA|spm00000630|Phyllostachyae
Carex_basiantha|B017|SCA|spm00000637|Phyllostachyae
Carex_timida||ARK|spm00005354|Phyllostachyae
Carex_timida|Carex_STARR_15||FASTA.LABEL.NO.SPECIMEN.MATCH|Phyllostachyae
Carex_juniperorum|B011|KTY|spm00000631|Phyllostachyae
Carex_juniperorum||OHI|spm00005343|Phyllostachyae
Carex_timida||ALA|spm00005353|Phyllostachyae
Carex_juniperorum||KTY|spm00005342|Phyllostachyae
Carex_timida|B005|ALA|spm00000625|Phyllostachyae
Carex_superata||GEO|spm00005351|Phyllostachyae
Carex_superata||FLA|spm00005350|Phyllostachyae
Carex_superata||GEO|spm00005352|Phyllostachyae
Carex_superata|B012|KTY|spm00000632|Phyllostachyae
Carex_basiantha|||spm00005160|Phyllostachyae
Carex_willdenowii|B003|KTY|spm00000624|Phyllostachyae
Carex_saximontana|B1120|COL|spm00001727|Phyllostachyae
Carex_saximontana||MAN|spm00005348|Phyllostachyae
Carex_backii||MIC|spm00005329|Phyllostachyae
Carex_backii|Carex_STARR_2||FASTA.LABEL.NO.SPECIMEN.MATCH|Phyllostachyae
Carex_saximontana|Carex_STARR_12||FASTA.LABEL.NO.SPECIMEN.MATCH|Phyllostachyae
Carex_backii||MAN|spm00005330|Phyllostachyae
Carex_saximontana||MAN|spm00005349|Phyllostachyae
Carex_backii||ONT|spm00005116|Phyllostachyae
Carex_backii|B1400|BRC|spm00002007|Phyllostachyae
Carex_cordillerana|B943|BRC|spm00001544|Phyllostachyae
Carex_cordillerana||UTA|spm00005234|Phyllostachyae
Carex_cordillerana||UTA|spm00005337|Phyllostachyae
Carex_cordillerana||BRC|spm00005338|Phyllostachyae
Carex_cordillerana||UTA|spm00005336|Phyllostachyae
Carex_willdenowii||KTY|spm00005356|Phyllostachyae
Carex_willdenowii||PEN|spm00005358|Phyllostachyae
Carex_latebracteata||OKL|spm00005346|Phyllostachyae
Carex_latebracteata||ARK|spm00005344|Phyllostachyae
Carex_latebracteata|Carex_STARR_9||FASTA.LABEL.NO.SPECIMEN.MATCH|Phyllostachyae
Carex_latebracteata|B779|ARK|spm00001383|Phyllostachyae
Carex_fraseriana||TEN|spm00005189|Cymophyllus
Carex_fraseriana|B334|MRY|spm00000952|Cymophyllus
Carex_fraseriana||TEN|spm00005190|Cymophyllus
Carex_curticeps|STA_2|EHM|spm00005191|Kobresia
Carex_pyrenaica||SPA|spm00000582|Dornera
Carex_pyrenaica||SPA|spm00003174|Dornera
Carex_pseudogammiei|K_loliacea_LJQ||spm00003639|Kobresia
Carex_nigricans|B1031|ARK|spm00001638|Dornera
Carex_micropoda|B1025|ARK|spm00001632|Dornera
Carex_leptalea||ABT|spm00005170|Leptocephalae
Carex_capitellata||TUR|spm00003459|Rarae
Carex_kirinensis||CHT|spm00003366|Rarae
Carex_pauciflora|STA_103|FRA|spm00005172|Leucoglochin
Carex_pauciflora|||spm00003227|Leucoglochin
Carex_pauciflora|STA_103|FRA|spm00005173|Leucoglochin
Carex_breweri|B969|WAS|spm00001576|Inflatae
Carex_engelmannii|B1525|BRC|spm00002131|Inflatae
Carex_breweri|||spm00005168|Inflatae
Carex_subnigricans|B1067|ORE|spm00001674|Inflatae
Carex_breweri||ORE|spm00004435|Inflatae
Carex_circinata|||spm00005165|Circinatae
Carex_circinata|B1370|ARK|spm00001977|Circinatae
Carex_peichuniana|K_inflata_LJQ||spm00003638|Kobresia
Carex_nardina||NUN|spm00005512|Nardinae
Carex_nardina||NUN|spm00005515|Nardinae
Carex_nardina||NUN|spm00005510|Nardinae
Carex_nardina||NUN|spm00005513|Nardinae
Carex_nardina||NUN|spm00005511|Nardinae
Carex_nardina|B909|QUE|spm00001510|Nardinae
Carex_nardina|||spm00003239|Nardinae
Carex_nardina|STA_839|MAN|spm00005403|Nardinae
Carex_filifolia_var._filifolia|B829|CAL|spm00001432|Filifoliae
Carex_filifolia_var._filifolia|B247|NEV|spm00000865|Filifoliae
Carex_nardina|STA_217|WYO|spm00005175|Nardinae
Carex_longissima||MXE|spm00000275|Filifoliae
Carex_planilomina||MXE|spm00000365|Schiedeanae
Carex_angustilepis||MXE|spm00000356|Schiedeanae
Carex_complexa||MXE|spm00000357|Schiedeanae
Carex_mesophila||MXE|spm00000364|Schiedeanae
Carex_perstricta||MXS|spm00000359|Schiedeanae
Carex_gypsophila||MXE|spm00000361|Schiedeanae
Carex_muriculata|B1203|NWM|spm00001810|Schiedeanae
Carex_muriculata||MXE|spm00000355|Schiedeanae
Carex_paneroi||MXS|spm00000363|Schiedeanae
Carex_stellata||MXE|spm00000360|Schiedeanae
Carex_schiedeana||MXG|spm00000354|Schiedeanae
Carex_monostachya_x_runssoroensis||KEN|spm00000214|Capituligerae
Carex_monostachya|12E1EMS12|KEN|spm00003751|Capituligerae
Carex_monostachya||KEN|spm00000211|Capituligerae
Carex_monostachya||KEN|spm00000212|Capituligerae
Carex_monostachya|STA_37|KEN|spm00005174|Capituligerae
Carex_runssoroensis||UGA|spm00000227|Capituligerae
Carex_monostachya||ETH|spm00000213|Capituligerae
Carex_runssoroensis||Kenya|spm00003184|Capituligerae
Carex_capitata|STA_789|MAN|spm00005363|Capituligerae
Carex_capitata|||spm00005163|Capituligerae
Carex_oreophila||TCS|spm00003471|Capituligerae
Carex_obtusata||MAN|spm00005176|Obtusatae
Carex_rupestris|STA_102|FRA|spm00005213|Petraeae
Carex_nudicarpa|K_macrantha_ZSR_K||spm00003647|Kobresia
Carex_coninux|K_pusilla_LJQ||spm00003641|Kobresia
Carex_simpliciuscula||SPA|spm00003173|Kobresia
Carex_coninux|K_pusilla_ZSL||spm00003655|Kobresia
Carex_coninux|K_pusilla_ZSR_K||spm00003614|Kobresia
Carex_kokanica|K_minshanica_ZSR_K||spm00003613|Kobresia
Carex_alatauensis|K_humilis_B_ZSL||spm00003653|Kobresia
Carex_macroprophylla|K_filifolia_ZSR_K||spm00003615|Kobresia
Carex_alatauensis|K_humilis_A_ZSL||spm00003652|Kobresia
Carex_alatauensis||AFG|spm00003401|Kobresia
Carex_simpliciuscula||CHT|spm00003402|Kobresia
Carex_simpliciuscula||NWT|spm00005548|Kobresia
Carex_simpliciuscula||NUN|spm00005550|Kobresia
Carex_simpliciuscula||NWT|spm00005551|Kobresia
Carex_simpliciuscula||NUN|spm00005546|Kobresia
Carex_filispica||CHC|spm00003398|Kobresia
Carex_parva||CHC|spm00005212|Leucoglochin
Carex_pseudolaxa|STA_10|EHM|spm00005192|Kobresia
Carex_microglochin_subsp._microglochin|B1098|NOR|spm00001705|Leucoglochin
Carex_microglochin||ICE|spm00003188|Leucoglochin
Carex_microglochin||ICE|spm00003172|Leucoglochin
Carex_microglochin||GNL|spm00000590|Leucoglochin
Carex_curvula_subsp._rosae||SPA|spm00003177|Curvulae
Carex_curvula_subsp._curvula||SPA|spm00003091|Curvulae
Carex_baldensis||SWI|spm00005242|Baldenses
Carex_gammiei|K_gammiei_LJQ||spm00003640|Kobresia
Carex_uncinoides||CHT|spm00003409|Kobresia
Carex_macroprophylla||CHC|spm00003400|Kobresia
Carex_handel_mazzettii|K_handcl_mazzettii_LJQ||spm00003629|Kobresia
Carex_parvula|K_pygmaca_LJQ||spm00003630|Kobresia
Carex_setschwanensis|K_setschwanensis_ZSR_K||spm00003620|Kobresia
Carex_parvula|K_pygmaea_ZSL||spm00003656|Kobresia
Carex_macroprophylla||CHC|spm00003399|Kobresia
Carex_littledalei|K_littledalei_LJQ||spm00003628|Kobresia
Carex_hughii|K_graminifolia_LJQ||spm00003627|Kobresia
Carex_pseuduncinoides|K_kansuensis_ZSR_K||spm00003619|Kobresia
Carex_deasyi|STA_7|EHM|spm00005198|Kobresia
Carex_ovoidispica||PAK|spm00003406|Kobresia
Carex_tibetikobresia|K_capilifolia_ZSR_K||spm00003617|Kobresia
Carex_tibetikobresia|K_capillifolia_LJQ||spm00003626|Kobresia
Carex_deasyi|K_schoenoides_A_ZSL||spm00003657|Kobresia
Carex_neesii|K_nepalensis_LJQ||spm00003633|Kobresia
Carex_vaginosa||CHT|spm00003410|Kobresia
Carex_cercostachys||CHC|spm00003397|Kobresia
Carex_cercostachys|K_cercostachys_LJQ||spm00003631|Kobresia
Carex_littledalei||CHT|spm00003404|Kobresia
Carex_buthanensis|K_prainii_LJQ||spm00003632|Kobresia
Carex_buthanensis||CHT|spm00003407|Kobresia
Carex_tibetikobresia|K_tibetica_ZSR_K||spm00003621|Kobresia
Carex_borealipolaris|B1224|MNT|spm00001831|Kobresia
Carex_borealipolaris||NUN|spm00005545|Kobresia
Carex_sargentiana||CHT|spm00003408|Kobresia
Carex_myosuroides|STA_101|FRA|spm00005197|Kobresia
Carex_myosuroides|STA_101|FRA|spm00005196|Kobresia
Carex_myosuroides||ICE|spm00003200|Kobresia
Carex_capillifolia|||spm00005195|Kobresia
Carex_bistaminata|K_bistaminata_ZSR_K||spm00003616|Kobresia
Carex_bistaminata|K_kashgarica_ZSR_K||spm00003618|Kobresia
Carex_myosuroides|K_myosuroids_LJQ_MJW||spm00003625|Kobresia
Carex_bistaminata||CHT|spm00003405|Kobresia
Carex_esenbeckii|K_esenbeckii_LJQ||spm00003636|Kobresia
Carex_kanaii|K_kanai_LJQ||spm00003637|Kobresia
Carex_deasyi|K_schoenoides_B_ZSL||spm00003658|Kobresia
Carex_myosuroides||NUN|spm00005540|Kobresia
Carex_myosuroides||NUN|spm00005543|Kobresia
Carex_myosuroides||NUN|spm00005544|Kobresia
Carex_myosuroides||NUN|spm00005542|Kobresia
Carex_vidua||CHC|spm00003411|Kobresia
Carex_vidua|K_vidua_LJQ||spm00003635|Kobresia
Carex_hughii|K_graminifolia_ZSR_K||spm00003622|Kobresia
Carex_vidua|K_vidua_ZSR_K||spm00003623|Kobresia
Carex_hughii|K_graminifolia_F_ZSL2||spm00003651|Kobresia
Carex_hughii|K_graminifolia_F_ZSL||spm00003650|Kobresia
Carex_peregrina||MDR|spm00000564|Psyllophora
Carex_peregrina||KEN|spm00000216|Psyllophora
Carex_peregrina||KEN|spm00000217|Psyllophora
Carex_peregrina|Carex_MOR_905||spm00004700|Psyllophora
Carex_macrostyla||SPA|spm00003284|Psyllophora
Carex_pulicaris|||spm00003203|Psyllophora
Carex_distachya||SPA|spm00000588|Schiedeanae
Carex_oedipostyla||SPA|spm00000587|Gynobasidae
Carex_phyllostachys||TUR|spm00005164|Phyllostachys
Carex_illegitima||GRC|spm00004384|Gynobasidae
Carex_acicularis|STA_85|NZ?|spm00005161|Aciculares
Carex_transandina||CL?|spm00003086|Aciculares
Carex_transandina||AGS|spm00000554|Aciculares
Carex_sorianoi||AGS|spm00000542|Junciformes
Carex_andina||CL?|spm00003144|Junciformes
Carex_andina||CLC|spm00000527|Junciformes
Carex_aphylla||AGS|spm00000526|Junciformes
Carex_aphylla|STA_25|AGS|spm00005169|Junciformes
Carex_vallis_pulchrae|STA_26|AGS|spm00005162|Aciculares
Carex_vallis_pulchrae||AGS|spm00000530|Aciculares
Carex_vallis_pulchrae|STA_26|AGS|spm00005084|Aciculares
Carex_camptoglochin||CLS|spm00000589|Leucoglochin
Carex_camptoglochin||CL?|spm00003129|Leucoglochin
Carex_camptoglochin||CL?|spm00003190|Leucoglochin
Carex_allanii||NZS|spm00002185|Aciculares
Carex_spartea||KEN|spm00000149|Schoenoxiphium
Carex_uhligii|STA_54|NAT|spm00005205|Schoenoxiphium
Carex_uhligii||Kenya|spm00003175|Schoenoxiphium
Carex_distincta|||spm00003254|Schoenoxiphium
Carex_basutorum||NAT|spm00000146|Schoenoxiphium
Carex_ludwigii||NAT|spm00000147|Schoenoxiphium
Carex_ludwigii|||spm00003008|Schoenoxiphium
Carex_spartea||NAT|spm00000150|Schoenoxiphium
Carex_capensis||CPP|spm00000152|Schoenoxiphium
Carex_spartea||OFS|spm00000151|Schoenoxiphium
Carex_spartea||NAT|spm00000163|Schoenoxiphium
Carex_spartea|||spm00003012|Schoenoxiphium
Carex_killickii|STA_47|CPP|spm00005203|Schoenoxiphium
Carex_capensis|STA_74||spm00005202|Schoenoxiphium
Carex_capensis|||spm00003263|Schoenoxiphium
Carex_capensis|||spm00003260|Schoenoxiphium
Carex_lancea||CPP|spm00000155|Schoenoxiphium
Carex_lancea|STA_48|CPP|spm00005204|Schoenoxiphium
Carex_pseudorufa||TAN|spm00000148|Schoenoxiphium
Carex_spartea|STA_50|OFS|spm00005206|Schoenoxiphium
Carex_sect.Siderostictae|Carex_STARR_5||FASTA.LABEL.NO.SPECIMEN.MATCH|Siderostictae
Carex_moupinensis|C_moupinensis_BHY||spm00003610|Hypolytroides
Trichophorum_alpinum|AY757400_AY757432_KJ513656||FASTA.LABEL.NO.SPECIMEN.MATCH|Outgroup
Trichophorum_caespitosum|DQ998897_DQ998951_KC476058||FASTA.LABEL.NO.SPECIMEN.MATCH|Outgroup
Scirpus_polystachyus|AY242011_AY242010_Carex_STARR_13||FASTA.LABEL.NO.SPECIMEN.MATCH|Outgroup
Eriophorum_vaginatum|AY242009_AH012952_Carex_STARR_6||FASTA.LABEL.NO.SPECIMEN.MATCH|Outgroup
Carex_sect.Fecundae_sp._nov._aff._tuberculata||MXS|spm00000299|Fecundae
Carex_sect.Fecundae_Chiapas||MXT|spm00000266|Fecundae
Carex_sect.Indicae_sp._nov._C._polystachya_group||MXE|spm00000287|Indicae
Carex_sect.Indicae_sp._nov._red_based_Polystachyae||MXT|spm00000286|Indicae
Carex_sect.Indicae_Chiapas||MXT|spm00000291|Indicae
Carex_sect.Indicae_Chiapas||MXT|spm00000290|Indicae
